-- phpMyAdmin SQL Dump
-- version 5.0.4
-- https://www.phpmyadmin.net/
--
-- Servidor: 127.0.0.1
-- Tiempo de generación: 11-03-2021 a las 05:00:01
-- Versión del servidor: 10.4.17-MariaDB
-- Versión de PHP: 7.4.13

SET SQL_MODE = "NO_AUTO_VALUE_ON_ZERO";
START TRANSACTION;
SET time_zone = "+00:00";


/*!40101 SET @OLD_CHARACTER_SET_CLIENT=@@CHARACTER_SET_CLIENT */;
/*!40101 SET @OLD_CHARACTER_SET_RESULTS=@@CHARACTER_SET_RESULTS */;
/*!40101 SET @OLD_COLLATION_CONNECTION=@@COLLATION_CONNECTION */;
/*!40101 SET NAMES utf8mb4 */;

--
-- Base de datos: `prep_tar_pt`
--

-- --------------------------------------------------------

--
-- Estructura de tabla para la tabla `accesos`
--

CREATE TABLE `accesos` (
  `id` int(11) NOT NULL,
  `id_usuario` int(11) NOT NULL,
  `fecha_hora_ingreso` varchar(255) NOT NULL
) ENGINE=InnoDB DEFAULT CHARSET=utf8mb4;

-- --------------------------------------------------------

--
-- Estructura de tabla para la tabla `actividad`
--

CREATE TABLE `actividad` (
  `id` int(11) NOT NULL,
  `id_usuario` int(11) NOT NULL,
  `tipo_actividad` varchar(255) NOT NULL,
  `actividad_detalle` varchar(255) NOT NULL,
  `fecha_hora_actividad` varchar(255) NOT NULL
) ENGINE=InnoDB DEFAULT CHARSET=utf8mb4;

-- --------------------------------------------------------

--
-- Estructura de tabla para la tabla `casillas`
--

CREATE TABLE `casillas` (
  `id` int(11) NOT NULL,
  `id_seccion` int(11) NOT NULL,
  `casilla` varchar(255) NOT NULL,
  `tipo_casilla` varchar(255) NOT NULL
) ENGINE=InnoDB DEFAULT CHARSET=utf8mb4;

--
-- Volcado de datos para la tabla `casillas`
--

INSERT INTO `casillas` (`id`, `id_seccion`, `casilla`, `tipo_casilla`) VALUES
(1, 956, 'C1', 'Contigua'),
(4, 956, 'B', 'Básica'),
(26, 956, 'E1', 'Extraordinaria'),
(27, 956, 'E2', 'Extraordinaria'),
(28, 956, 'E3', 'Extraordinaria');

-- --------------------------------------------------------

--
-- Estructura de tabla para la tabla `comunidad`
--

CREATE TABLE `comunidad` (
  `id` int(11) NOT NULL,
  `nombre` varchar(255) NOT NULL,
  `id_dist_loc` int(11) NOT NULL
) ENGINE=InnoDB DEFAULT CHARSET=utf8mb4;

--
-- Volcado de datos para la tabla `comunidad`
--

INSERT INTO `comunidad` (`id`, `nombre`, `id_dist_loc`) VALUES
(1, 'Tarimbaro', 0);

-- --------------------------------------------------------

--
-- Estructura de tabla para la tabla `delegados`
--

CREATE TABLE `delegados` (
  `id` int(11) NOT NULL,
  `nombres` varchar(255) NOT NULL,
  `ape_pat` varchar(255) NOT NULL,
  `ape_mat` varchar(255) NOT NULL,
  `telefono` varchar(255) NOT NULL,
  `comunidad` varchar(255) NOT NULL,
  `seccion` varchar(255) NOT NULL,
  `usuario` varchar(255) NOT NULL,
  `password` varchar(255) NOT NULL,
  `pw` varchar(255) NOT NULL,
  `id_mpio` int(11) NOT NULL,
  `estatus` int(11) NOT NULL
) ENGINE=InnoDB DEFAULT CHARSET=utf8mb4;

--
-- Volcado de datos para la tabla `delegados`
--

INSERT INTO `delegados` (`id`, `nombres`, `ape_pat`, `ape_mat`, `telefono`, `comunidad`, `seccion`, `usuario`, `password`, `pw`, `id_mpio`, `estatus`) VALUES
(32, 'Laura', 'Alvarez', 'Flores', '4455667788', 'San José de la Trinidad', '1959', 'laura.alvarez@gmail.com', '$2a$10$UZabiISmPS7hs.XV4dntsOuufktOu49LX9DqRvAKyEkoiOxGoORdK', 'laura', 92, 0),
(40, 'Karla', 'Lopez', 'Salgado', '4422661155', 'San José de la Trinidad', '1959', 'karla.lopez@gmail.com', '$2a$10$RaPMDWiNPjPYFwsvBrCj9eCgZWa.NokMj6UfRFJ6USJoBWlRWOTya', 'karla123', 92, 0),
(44, 'Miguel Angel', 'Flores', 'Vega', '2345345633', 'Téjaro', '1959', 'miguel.flores@gmail.com', '$2a$10$V94tQ2.ubLhjoc/baqSpnuHDA19JTTl9UBSvo1BEVY92JSve1NySW', 'miguel123', 92, 0),
(45, 'Christian', 'Alvarado', 'Ayala', '3453564563', 'San José de la Trinidad', '2345', 'dinamico@gmail.com', '$2a$10$99exRV5A1OiP5eyMru6Myewq4aI2FMrY4/TiIM/rVABnl5BaRA5ie', 'christian123', 92, 0),
(47, 'Felipe', 'Barreto', 'Rincón', '1234567894', 'Tarimbaro', '1959', 'felipe@gmail.com', '$2a$10$0DIDM0rcc/qrU/0q4Ig/huuTopf5YetRwxjIAdDVBlYbdQ54FRbFe', 'felipe123', 92, 0);

-- --------------------------------------------------------

--
-- Estructura de tabla para la tabla `distrito_fed`
--

CREATE TABLE `distrito_fed` (
  `id` int(11) NOT NULL,
  `num_distrito` int(11) NOT NULL,
  `estado` varchar(255) NOT NULL
) ENGINE=InnoDB DEFAULT CHARSET=utf8mb4;

--
-- Volcado de datos para la tabla `distrito_fed`
--

INSERT INTO `distrito_fed` (`id`, `num_distrito`, `estado`) VALUES
(1, 1, 'Michoacán'),
(2, 2, 'Michoacán'),
(3, 3, 'Michoacán'),
(4, 4, 'Michoacán'),
(5, 5, 'Michoacán'),
(6, 6, 'Michoacán'),
(7, 7, 'Michoacán'),
(8, 8, 'Michoacán'),
(9, 9, 'Michoacán'),
(10, 10, 'Michoacán'),
(11, 11, 'Michoacán'),
(12, 12, 'Michoacán');

-- --------------------------------------------------------

--
-- Estructura de tabla para la tabla `distrito_loc`
--

CREATE TABLE `distrito_loc` (
  `id` int(11) NOT NULL,
  `num_distrito` varchar(11) NOT NULL,
  `cabecera` varchar(255) NOT NULL
) ENGINE=InnoDB DEFAULT CHARSET=utf8mb4;

--
-- Volcado de datos para la tabla `distrito_loc`
--

INSERT INTO `distrito_loc` (`id`, `num_distrito`, `cabecera`) VALUES
(1, '1', 'La Piedad'),
(2, '2', 'Puruandiro'),
(3, '3', 'Maravatio'),
(4, '4', 'Jiquilpan'),
(5, '5', 'Paracho'),
(6, '6', 'Zamora'),
(7, '7', 'Zacapu'),
(8, '8', 'Tarimbaro'),
(9, '9', 'Los Reyes'),
(10, '10', 'Morelia Noroeste'),
(11, '11', 'Morelia Noreste'),
(12, '12', 'Ciudad Hidalgo'),
(13, '13', 'Heroica Zitacuaro'),
(14, '14', 'Uruapan Norte'),
(15, '15', 'Patzcuaro'),
(16, '16', 'Morelia Suroeste'),
(17, '17', 'Morelia Sureste'),
(18, '18', 'Huetamo'),
(19, '19', 'Tacambaro'),
(20, '20', 'Uruapan Sur'),
(21, '21', 'Buenavista'),
(22, '22', 'Nueva Italia'),
(23, '23', 'Apatzingan'),
(24, '24', 'Lazaro Cardenas');

-- --------------------------------------------------------

--
-- Estructura de tabla para la tabla `lista_nominal`
--

CREATE TABLE `lista_nominal` (
  `id` int(11) NOT NULL,
  `nombres` varchar(255) NOT NULL,
  `ape_pat` varchar(255) NOT NULL,
  `ape_mal` varchar(255) NOT NULL,
  `direccion` varchar(255) NOT NULL,
  `foto` varchar(255) NOT NULL,
  `num_lista_nominal` int(11) NOT NULL,
  `id_casilla` int(11) NOT NULL,
  `id_seccion` int(11) NOT NULL,
  `voto` int(11) NOT NULL,
  `vota_pt` int(11) NOT NULL,
  `telefono` varchar(255) NOT NULL,
  `id_del` int(11) NOT NULL
) ENGINE=InnoDB DEFAULT CHARSET=utf8mb4;

--
-- Volcado de datos para la tabla `lista_nominal`
--

INSERT INTO `lista_nominal` (`id`, `nombres`, `ape_pat`, `ape_mal`, `direccion`, `foto`, `num_lista_nominal`, `id_casilla`, `id_seccion`, `voto`, `vota_pt`, `telefono`, `id_del`) VALUES
(1, 'Marisol', 'Rodriguez', 'Ramos', 'Mil Cumbres', '', 4, 1, 956, 0, 0, '4613549876', 0),
(2, 'Miguel', 'Flores', 'Vega', 'Ocolusen', '', 1, 1, 956, 0, 0, '3344221155', 0),
(27, 'Luis', 'Rescala', 'Alvarez', 'Miguel Hidalgo271', '', 3, 1, 956, 0, 0, '2342342', 0),
(34, 'ATANACIA', 'ABUNDIS', 'ACOSTA', 'C MARIANO MATAMOROS 55 BARR LA DOCTRINA', '', 59, 4, 956, 0, 0, '', 0),
(35, 'MARIA CARMEN', 'ABUNDIS', 'CHAVEZ', 'C FRANCISCO JAVIER MINA 32 BARR LA DOCTRINA', '', 1, 4, 956, 0, 0, '', 0),
(36, 'IRENE', 'ABURTO', 'VELAZQUEZ', 'C MORELOS PTE 33 BARR LA DOCTRINA', '', 2, 4, 956, 0, 0, '', 0),
(37, 'MARIA LIZANIA', 'ABURTO', 'VELAZQUEZ', 'PRIV JOSE MARIA MORELOS 12 BARR LA DOCTRINA', '', 3, 4, 956, 0, 0, '', 0),
(38, 'ERNESTINA', 'ACEVEDO', 'CASTRO', 'C MATAMOROS 40 BARR LA DOCTRINA', '', 4, 4, 956, 0, 0, '', 0),
(39, 'OLIVIA', 'ACEVEDO', 'CASTRO', 'C MARIANO MATAMOROS 37 BARR LA DOCTRINA', '', 5, 4, 956, 0, 0, '', 0),
(40, 'RAUL', 'ACOSTA', 'ABUNDIZ', 'C MARIANO MATAMOROS 16 BARR LA DOCTRINA', '', 6, 4, 956, 0, 0, '', 0),
(41, 'SARA', 'ACOSTA', 'ABUNDIS', 'C CORREGIDORA 17 COL CENTRO', '', 7, 4, 956, 0, 0, '', 0),
(42, 'ANGELA', 'ACOSTA', 'ACOSTA', 'C CORREGIDORA 17 BARR LA DOCTRINA', '', 8, 4, 956, 0, 0, '', 0),
(43, 'ERIKA', 'ACOSTA', 'ACOSTA', 'EL PUESTO S/N LOC EL PUESTO', '', 9, 4, 956, 0, 0, '', 0),
(44, 'J OTILIO', 'ACOSTA', 'ACOSTA', 'C NIÐOS HEROES 24 BARRIO LA DOTRINA', '', 10, 4, 956, 0, 0, '', 0),
(45, 'MA ELENA', 'ACOSTA', 'ACOSTA', 'PRIV NIÐOS HEROES 26 BARR LA DOCTRINA', '', 11, 4, 956, 0, 0, '', 0),
(46, 'LETICIA', 'ACOSTA', 'CALDERON', 'PRIV NIÐOS HEROES 24 BARR LA DOCTRINA', '', 12, 4, 956, 0, 0, '', 0),
(47, 'MARIA DEL CARMEN', 'ACOSTA', 'CALDERON', 'C MIGUEL HIDALGO 53 BARR LA DOCTRINA', '', 13, 4, 956, 0, 0, '', 0),
(48, 'OFELIA', 'ACOSTA', 'CALDERON', 'CDA NIÐOS HEROES 24 BARR LA DOCTRINA', '', 14, 4, 956, 0, 0, '', 0),
(49, 'JUAN RAUL', 'ACOSTA', 'CERVANTES', 'C MARIANO MATAMOROS 16 BARR LA DOCTRINA', '', 15, 4, 956, 0, 0, '', 0),
(50, 'CARLOS FERNANDO', 'ACOSTA', 'CHAVEZ', 'C JOSE MARIA MORELOS PONIENTE S/N BARR SAN MARCOS', '', 16, 4, 956, 0, 0, '', 0),
(51, 'JOSE NOEL', 'ACOSTA', 'CHAVEZ', 'LOC EL PUESTO SN LOC EL PUESTO', '', 17, 4, 956, 0, 0, '', 0),
(52, 'MIRELLA', 'ACOSTA', 'CHAVEZ', 'C MIGUEL HIDALGO 73 BARR LA DOCTRINA', '', 18, 4, 956, 0, 0, '', 0),
(53, 'ANALY', 'ACOSTA', 'ESPINOZA', 'C NIÐOS HEROES 3 BARR LA DOCTRINA', '', 19, 4, 956, 0, 0, '', 0),
(54, 'AMELIA', 'ACOSTA', 'RANGEL', 'LOC EL PUESTO S/N LOC EL PUESTO', '', 20, 4, 956, 0, 0, '', 0),
(55, 'JAQUELINA', 'ACOSTA', 'RANGEL', 'C FRANCISCO JAVIER MINA 63 BARR LA DOCTRINA', '', 21, 4, 956, 0, 0, '', 0),
(56, 'LETICIA', 'ACOSTA', 'RANGEL', 'LOC EL PUESTO S/N LOC EL PUESTO', '', 22, 4, 956, 0, 0, '', 0),
(57, 'SIRA', 'ACOSTA', 'RANGEL', 'C FRANCISCO JAVIER MINA 37 BARR LA DOCTRINA', '', 23, 4, 956, 0, 0, '', 0),
(58, 'JOSE CARLOS', 'ACOSTA', 'REYES', 'C MARIANO MATAMOROS 16 BARR LA DOCTRINA', '', 24, 4, 956, 0, 0, '', 0),
(59, 'MARLENE', 'ACOSTA', 'REYES', 'C MARIANO MATAMOROS 16 BARR LA DOCTRINA', '', 26, 4, 956, 0, 0, '', 0),
(60, 'MARILU', 'AGUILAR', 'ARROYO', 'C CORREGIDORA 9 BARR LA DOCTRINA', '', 27, 4, 956, 0, 0, '', 0),
(61, 'EVANGELINA', 'AGUILAR', 'CALDERON', ' ', '', 28, 4, 956, 0, 0, '', 0),
(62, 'ZENON', 'AGUILAR', 'CALDERON', 'PROL HIDALGO 76 BARR LA DOCTRINA', '', 29, 4, 956, 0, 0, '', 0),
(63, 'MARIA', 'AGUILAR', 'DIAZ', 'C JACINTO ECHEVERRIA 16 BARR LA DOCTRINA', '', 30, 4, 956, 0, 0, '', 0),
(64, 'AIDA', 'AGUILAR', 'ORNELAS', 'AV MIGUEL HIDALGO 77 BARR LA DOCTRINA', '', 31, 4, 956, 0, 0, '', 0),
(65, 'ILDA', 'AGUILAR', 'ORNELAS', ' ', '', 32, 4, 956, 0, 0, '', 0),
(66, 'MA LOURDES', 'AGUILAR', 'ORNELAS', 'C MIGUEL HIDALGO 76 BARR LA DOCTRINA', '', 33, 4, 956, 0, 0, '', 0),
(67, 'MARIA DE JESUS', 'AGUILAR', 'ORNELAS', 'C CORREGIDORA 10 BARR LA DOCTRINA', '', 34, 4, 956, 0, 0, '', 0),
(68, 'J JESUS', 'AGUILAR', 'RANGEL', 'C NARDO 14 FRACC EL PARAISO', '', 35, 4, 956, 0, 0, '', 0),
(69, 'SALVADOR', 'ALCANTAR', 'BARCENAS', 'C MIGUEL HIDALGO 85 LOC URUETARO', '', 36, 4, 956, 0, 0, '', 0),
(70, 'VIRGINIA', 'ALCANTAR', 'REYES', 'C MUNICIPIO LIBRE 8 BARR LA DOCTRINA', '', 37, 4, 956, 0, 0, '', 0),
(71, 'MARIA GUADALUPE', 'ALVARADO', 'BIRRUETA', 'C MORELOS S/N BARR LA DOCTRINA', '', 38, 4, 956, 0, 0, '', 0),
(72, 'VICENTE', 'ALVARADO', 'CASTRO', 'C JOSE MARIA MORELOS PONIENTE SN BARR LA DOCTRINA', '', 39, 4, 956, 0, 0, '', 0),
(73, 'ALEJANDRO', 'ALVARADO', 'ORNELAS', 'C JOSE MARIA MORELOS 91 BARR LA DOCTRINA', '', 40, 4, 956, 0, 0, '', 0),
(74, 'ALFREDO', 'ALVARADO', 'ORNELAS', 'C JOSE MA MORELOS 92 BARR LA DOCTRINA', '', 41, 4, 956, 0, 0, '', 0),
(75, 'MARIA ALICIA', 'ALVARADO', 'ORNELAS', 'C JOSE MA MORELOS PTE 80 BARR LA DOCTRINA', '', 42, 4, 956, 0, 0, '', 0),
(76, 'RAFAEL', 'ALVARADO', 'ORNELAS', 'C JOSE MA MORELOS 92 BARR LA DOCTRINA', '', 43, 4, 956, 0, 0, '', 0),
(77, 'VICENTE', 'ALVARADO', 'ORNELAS', 'C JOSE MA MORELOS 92 BARR LA DOCTRINA', '', 44, 4, 956, 0, 0, '', 0),
(78, 'FERNANDA MONSERRAT', 'ALVARADO', 'SANTACRUZ', ' ', '', 45, 4, 956, 0, 0, '', 0),
(79, 'JUAN', 'AMARO', 'LEMUS', ' ', '', 46, 4, 956, 0, 0, '', 0),
(80, 'ERENDIRA', 'AMARO', 'RANGEL', 'C NIÐOS HEROES 5 BARR LA DOCTRINA', '', 47, 4, 956, 0, 0, '', 0),
(81, 'GERARDO', 'AMARO', 'RANGEL', 'C NIÐOS HEROES 5 BARR LA DOCTRINA', '', 48, 4, 956, 0, 0, '', 0),
(82, 'GERARDO AGUSTIN', 'AMARO', 'RANGEL', 'C NIÐOS HEROES 5 BARR LA DOCTRINA', '', 49, 4, 956, 0, 0, '', 0),
(83, 'JUAN CARLOS', 'AMARO', 'RANGEL', 'C NIÐOS HEROES 5 BARR LA DOCTRINA', '', 50, 4, 956, 0, 0, '', 0),
(84, 'MARLEN', 'AMARO', 'RANGEL', 'LOC EL PUESTO S/N LOC EL PUESTO', '', 51, 4, 956, 0, 0, '', 0),
(85, 'SANDRA', 'AREVALO', 'VAZQUEZ', 'C CORREGIDORA 4 BARR LA DOCTRINA', '', 52, 4, 956, 0, 0, '', 0),
(86, 'ALEJANDRA', 'ARIAS', 'AVALOS', 'C MIGUEL HIDALGO PONIENTE 38 BARR LA DOCTRINA', '', 53, 4, 956, 0, 0, '', 0),
(87, 'ANASTACIO JAVIER', 'ARIAS', 'AVALOS', ' ', '', 54, 4, 956, 0, 0, '', 0),
(88, 'ELIZABETH', 'ARIAS', 'AVALOS', 'C ALLENDE 3 BARR LA DOCTRINA', '', 55, 4, 956, 0, 0, '', 0),
(89, 'LIONEL', 'ARIAS', 'AVALOS', 'C ALLENDE 2 BARR LA DOCTRINA', '', 56, 4, 956, 0, 0, '', 0),
(90, 'MARIA DOLORES', 'ARIAS', 'AVALOS', 'C IGNACIO ALLENDE 67 BARR LA DOCTRINA', '', 57, 4, 956, 0, 0, '', 0),
(91, 'QUEICO', 'ARIAS', 'AVALOS', 'C IGNACIO ALLENDE 2 BARR LA DOCTRINA', '', 58, 4, 956, 0, 0, '', 0),
(166, 'Melvin', 'Ayala', 'Hernandez', 'Tarimbaro', '', 2, 1, 956, 0, 0, '2349872398', 0);

-- --------------------------------------------------------

--
-- Estructura de tabla para la tabla `municipio`
--

CREATE TABLE `municipio` (
  `id` int(11) NOT NULL,
  `nombre` varchar(255) NOT NULL,
  `id_dist_loc` int(11) NOT NULL,
  `id_dist_fed` int(11) NOT NULL
) ENGINE=InnoDB DEFAULT CHARSET=utf8mb4;

--
-- Volcado de datos para la tabla `municipio`
--

INSERT INTO `municipio` (`id`, `nombre`, `id_dist_loc`, `id_dist_fed`) VALUES
(1, 'Acuitzio', 19, 1),
(2, 'Aguililla', 21, 2),
(3, 'Alvaro Obregon', 8, 3),
(4, 'Angamacutiro', 2, 3),
(5, 'Angangueo', 13, 5),
(6, 'Apatzingan', 23, 2),
(7, 'Aporo', 3, 5),
(8, 'Aquila', 21, 2),
(9, 'Ario', 19, 1),
(10, 'Arteaga', 22, 6),
(11, 'Briseñas', 4, 7),
(12, 'Buenavista', 21, 2),
(13, 'Caracuaro', 18, 4),
(14, 'Charapan', 5, 8),
(15, 'Charo', 8, 3),
(16, 'Chavinda', 9, 7),
(17, 'Cheran', 5, 8),
(18, 'Chilchota', 5, 8),
(19, 'Chinicuila', 21, 2),
(20, 'Chucandiro', 2, 3),
(21, 'Churintzio', 1, 9),
(22, 'Churumuco', 22, 6),
(23, 'Coahuayana', 21, 2),
(24, 'Coalcoman de Vazquez Pallares', 21, 2),
(25, 'Coeneo', 5, 8),
(26, 'Cojumatlan de Regules', 4, 7),
(27, 'Contepec', 3, 5),
(28, 'Copandaro', 8, 3),
(29, 'Cotija', 9, 7),
(30, 'Cuitzeo', 8, 3),
(31, 'Ecuandureo', 1, 9),
(32, 'Epitacio Huerta', 3, 5),
(33, 'Erongaricuaro', 5, 8),
(34, 'Gabriel Zamora', 22, 6),
(35, 'Hidalgo', 12, 5),
(36, 'Huandacareo', 2, 3),
(37, 'Huaniqueo', 2, 3),
(38, 'Huetamo', 18, 4),
(39, 'Huiramba', 15, 1),
(40, 'Indaparapeo', 8, 3),
(41, 'Irimbo', 12, 5),
(42, 'Ixtlan', 1, 9),
(43, 'Jacona', 7, 8),
(44, 'Jimenez', 2, 3),
(45, 'Jiquilpan', 4, 7),
(46, 'José Sixto Verduzco', 2, 3),
(47, 'Juarez', 18, 4),
(48, 'Jungapeo', 18, 4),
(49, 'La Huacana', 22, 6),
(50, 'La Piedad', 1, 9),
(51, 'Lagunillas', 15, 1),
(52, 'Lazaro Cardenas', 24, 6),
(53, 'Los Reyes', 9, 7),
(54, 'Madero', 19, 1),
(55, 'Maravatio', 3, 5),
(56, 'Marcos Castellanos', 4, 7),
(57, 'Morelia Noreste', 11, 11),
(58, 'Morelia Sureste', 17, 11),
(59, 'Morelia Noroeste', 10, 12),
(60, 'Morelia Suroeste', 16, 12),
(61, 'Morelos', 2, 3),
(62, 'Mugica', 22, 6),
(63, 'Nahuatzen', 5, 8),
(64, 'Nocupetaro', 19, 1),
(65, 'Nuevo Parangaricutiro', 23, 2),
(66, 'Nuevo Urecho', 22, 6),
(67, 'Numaran', 1, 9),
(68, 'Ocampo', 13, 4),
(69, 'Pajacuaran', 9, 7),
(70, 'Panindicuaro', 2, 3),
(71, 'Paracho', 5, 8),
(72, 'Paracuaro', 22, 6),
(73, 'Patzcuaro', 15, 1),
(74, 'Penjamillo', 2, 3),
(75, 'Periban', 21, 2),
(76, 'Purepero', 7, 8),
(77, 'Puruandiro', 2, 3),
(78, 'Querendaro', 12, 5),
(79, 'Quiroga', 5, 8),
(80, 'Sahuayo', 4, 7),
(81, 'Salvador Escalante', 15, 1),
(82, 'San Lucas', 18, 4),
(83, 'Santa Ana Maya', 8, 3),
(84, 'Senguio', 3, 5),
(85, 'Susupuato', 18, 4),
(86, 'Tacambaro', 19, 1),
(87, 'Tancitaro', 23, 2),
(88, 'Tangamandapio', 9, 7),
(89, 'Tangancicuaro', 7, 8),
(90, 'Tanhuato', 1, 9),
(91, 'Taretan', 19, 10),
(92, 'Tarimbaro', 8, 3),
(93, 'Tepalcatepec', 21, 2),
(94, 'Tingambato', 15, 10),
(95, 'Tingüindin', 9, 7),
(96, 'Tiquicheo de Nicolas Romero', 18, 4),
(97, 'Tlalpujahua', 3, 5),
(98, 'Tlazazalca', 7, 8),
(99, 'Tocumbo', 9, 7),
(100, 'Tumbiscatio', 22, 6),
(101, 'Turicato', 19, 1),
(102, 'Tuxpan', 18, 4),
(103, 'Tuzantla', 18, 4),
(104, 'Tzintzuntzan', 15, 1),
(105, 'Tzitzio', 18, 4),
(106, 'Uruapan Norte', 14, 10),
(107, 'Uruapan Sur', 20, 10),
(108, 'Venustiano Carranza', 4, 7),
(109, 'Villamar', 9, 7),
(110, 'Vista Hermosa', 4, 7),
(111, 'Yurecuaro', 1, 9),
(112, 'Zacapu', 7, 8),
(113, 'Zamora', 6, 9),
(114, 'Zinaparo', 1, 9),
(115, 'Zinapecuaro', 12, 5),
(116, 'Ziracuaretiro', 15, 10),
(117, 'Zitacuaro', 13, 4);

-- --------------------------------------------------------

--
-- Estructura de tabla para la tabla `promovidos`
--

CREATE TABLE `promovidos` (
  `id` int(11) NOT NULL,
  `id_promotor` int(11) NOT NULL,
  `id_lista_nom` int(11) NOT NULL
) ENGINE=InnoDB DEFAULT CHARSET=utf8mb4;

-- --------------------------------------------------------

--
-- Estructura de tabla para la tabla `secciones`
--

CREATE TABLE `secciones` (
  `id` int(11) NOT NULL,
  `id_dist_loc` int(11) NOT NULL,
  `seccion` int(11) NOT NULL,
  `mpio` int(11) NOT NULL
) ENGINE=InnoDB DEFAULT CHARSET=utf8mb4;

--
-- Volcado de datos para la tabla `secciones`
--

INSERT INTO `secciones` (`id`, `id_dist_loc`, `seccion`, `mpio`) VALUES
(1, 1, 411, 0),
(2, 1, 412, 0),
(3, 1, 413, 0),
(4, 1, 414, 0),
(5, 1, 415, 0),
(6, 1, 416, 0),
(7, 1, 417, 0),
(8, 1, 418, 0),
(9, 1, 419, 0),
(10, 1, 433, 0),
(11, 1, 434, 0),
(12, 1, 435, 0),
(13, 1, 436, 0),
(14, 1, 437, 0),
(15, 1, 438, 0),
(16, 1, 439, 0),
(17, 1, 440, 0),
(18, 1, 441, 0),
(19, 1, 442, 0),
(20, 1, 443, 0),
(21, 1, 444, 0),
(22, 1, 445, 0),
(23, 1, 673, 0),
(24, 1, 674, 0),
(25, 1, 675, 0),
(26, 1, 676, 0),
(27, 1, 677, 0),
(28, 1, 678, 0),
(29, 1, 679, 0),
(30, 1, 680, 0),
(31, 1, 681, 0),
(32, 1, 682, 0),
(33, 1, 683, 0),
(34, 1, 684, 0),
(35, 1, 1369, 0),
(36, 1, 1370, 0),
(37, 1, 1371, 0),
(38, 1, 1372, 0),
(39, 1, 1373, 0),
(40, 1, 1374, 0),
(41, 1, 1375, 0),
(42, 1, 1376, 0),
(43, 1, 1377, 0),
(44, 1, 1529, 0),
(45, 1, 1530, 0),
(46, 1, 1531, 0),
(47, 1, 1532, 0),
(48, 1, 1533, 0),
(49, 1, 1534, 0),
(50, 1, 1535, 0),
(51, 1, 1536, 0),
(52, 1, 1537, 0),
(53, 1, 1538, 0),
(54, 1, 1539, 0),
(55, 1, 1540, 0),
(56, 1, 1541, 0),
(57, 1, 1542, 0),
(58, 1, 1543, 0),
(59, 1, 1544, 0),
(60, 1, 1545, 0),
(61, 1, 1546, 0),
(62, 1, 1547, 0),
(63, 1, 1548, 0),
(64, 1, 1549, 0),
(65, 1, 1550, 0),
(66, 1, 1551, 0),
(67, 1, 1552, 0),
(68, 1, 1553, 0),
(69, 1, 1554, 0),
(70, 1, 1555, 0),
(71, 1, 1556, 0),
(72, 1, 1557, 0),
(73, 1, 1558, 0),
(74, 1, 1559, 0),
(75, 1, 1560, 0),
(76, 1, 1561, 0),
(77, 1, 1562, 0),
(78, 1, 1563, 0),
(79, 1, 1564, 0),
(80, 1, 1565, 0),
(81, 1, 1566, 0),
(82, 1, 1567, 0),
(83, 1, 1568, 0),
(84, 1, 1569, 0),
(85, 1, 1570, 0),
(86, 1, 1571, 0),
(87, 1, 1572, 0),
(88, 1, 1573, 0),
(89, 1, 1574, 0),
(90, 1, 1575, 0),
(91, 1, 1576, 0),
(92, 1, 1577, 0),
(93, 1, 1578, 0),
(94, 1, 1579, 0),
(95, 1, 1580, 0),
(96, 1, 1581, 0),
(97, 1, 1582, 0),
(98, 1, 1583, 0),
(99, 1, 1584, 0),
(100, 1, 1585, 0),
(101, 1, 1586, 0),
(102, 1, 1587, 0),
(103, 1, 1588, 0),
(104, 1, 1589, 0),
(105, 1, 1939, 0),
(106, 1, 1940, 0),
(107, 1, 1941, 0),
(108, 1, 1942, 0),
(109, 1, 1943, 0),
(110, 1, 1944, 0),
(111, 1, 1945, 0),
(112, 1, 1946, 0),
(113, 1, 1947, 0),
(114, 1, 1948, 0),
(115, 1, 1949, 0),
(116, 1, 2370, 0),
(117, 1, 2371, 0),
(118, 1, 2372, 0),
(119, 1, 2373, 0),
(120, 1, 2374, 0),
(121, 1, 2375, 0),
(122, 1, 2376, 0),
(123, 1, 2377, 0),
(124, 1, 2378, 0),
(125, 1, 2379, 0),
(126, 1, 2380, 0),
(127, 1, 2381, 0),
(128, 1, 2382, 0),
(129, 1, 2383, 0),
(130, 1, 2384, 0),
(131, 1, 2385, 0),
(132, 1, 2386, 0),
(133, 1, 2387, 0),
(134, 1, 2388, 0),
(135, 1, 2531, 0),
(136, 1, 2532, 0),
(137, 1, 2533, 0),
(138, 1, 2534, 0),
(139, 1, 2535, 0),
(140, 1, 2536, 0),
(141, 1, 2537, 0),
(142, 2, 38, 0),
(143, 2, 39, 0),
(144, 2, 40, 0),
(145, 2, 41, 0),
(146, 2, 42, 0),
(147, 2, 43, 0),
(148, 2, 44, 0),
(149, 2, 45, 0),
(150, 2, 46, 0),
(151, 2, 47, 0),
(152, 2, 48, 0),
(153, 2, 49, 0),
(154, 2, 50, 0),
(155, 2, 51, 0),
(156, 2, 405, 0),
(157, 2, 406, 0),
(158, 2, 407, 0),
(159, 2, 408, 0),
(160, 2, 409, 0),
(161, 2, 410, 0),
(162, 2, 580, 0),
(163, 2, 581, 0),
(164, 2, 582, 0),
(165, 2, 583, 0),
(166, 2, 584, 0),
(167, 2, 585, 0),
(168, 2, 586, 0),
(169, 2, 587, 0),
(170, 2, 588, 0),
(171, 2, 589, 0),
(172, 2, 590, 0),
(173, 2, 591, 0),
(174, 2, 592, 0),
(175, 2, 593, 0),
(176, 2, 594, 0),
(177, 2, 595, 0),
(178, 2, 596, 0),
(179, 2, 597, 0),
(180, 2, 598, 0),
(181, 2, 599, 0),
(182, 2, 600, 0),
(183, 2, 712, 0),
(184, 2, 713, 0),
(185, 2, 714, 0),
(186, 2, 715, 0),
(187, 2, 716, 0),
(188, 2, 717, 0),
(189, 2, 718, 0),
(190, 2, 719, 0),
(191, 2, 720, 0),
(192, 2, 721, 0),
(193, 2, 722, 0),
(194, 2, 723, 0),
(195, 2, 724, 0),
(196, 2, 725, 0),
(197, 2, 756, 0),
(198, 2, 757, 0),
(199, 2, 758, 0),
(200, 2, 759, 0),
(201, 2, 760, 0),
(202, 2, 761, 0),
(203, 2, 762, 0),
(204, 2, 763, 0),
(205, 2, 764, 0),
(206, 2, 765, 0),
(207, 2, 766, 0),
(208, 2, 767, 0),
(209, 2, 768, 0),
(210, 2, 769, 0),
(211, 2, 770, 0),
(212, 2, 771, 0),
(213, 2, 772, 0),
(214, 2, 773, 0),
(215, 2, 1288, 0),
(216, 2, 1289, 0),
(217, 2, 1290, 0),
(218, 2, 1291, 0),
(219, 2, 1292, 0),
(220, 2, 1293, 0),
(221, 2, 1294, 0),
(222, 2, 1295, 0),
(223, 2, 1296, 0),
(224, 2, 1407, 0),
(225, 2, 1408, 0),
(226, 2, 1409, 0),
(227, 2, 1410, 0),
(228, 2, 1411, 0),
(229, 2, 1412, 0),
(230, 2, 1413, 0),
(231, 2, 1414, 0),
(232, 2, 1415, 0),
(233, 2, 1416, 0),
(234, 2, 1417, 0),
(235, 2, 1418, 0),
(236, 2, 1419, 0),
(237, 2, 1420, 0),
(238, 2, 1421, 0),
(239, 2, 1422, 0),
(240, 2, 1423, 0),
(241, 2, 1424, 0),
(242, 2, 1425, 0),
(243, 2, 1498, 0),
(244, 2, 1499, 0),
(245, 2, 1500, 0),
(246, 2, 1501, 0),
(247, 2, 1502, 0),
(248, 2, 1503, 0),
(249, 2, 1504, 0),
(250, 2, 1505, 0),
(251, 2, 1506, 0),
(252, 2, 1507, 0),
(253, 2, 1508, 0),
(254, 2, 1509, 0),
(255, 2, 1510, 0),
(256, 2, 1511, 0),
(257, 2, 1512, 0),
(258, 2, 1513, 0),
(259, 2, 1514, 0),
(260, 2, 1515, 0),
(261, 2, 1516, 0),
(262, 2, 1601, 0),
(263, 2, 1602, 0),
(264, 2, 1603, 0),
(265, 2, 1604, 0),
(266, 2, 1605, 0),
(267, 2, 1606, 0),
(268, 2, 1607, 0),
(269, 2, 1608, 0),
(270, 2, 1609, 0),
(271, 2, 1610, 0),
(272, 2, 1611, 0),
(273, 2, 1612, 0),
(274, 2, 1613, 0),
(275, 2, 1614, 0),
(276, 2, 1615, 0),
(277, 2, 1616, 0),
(278, 2, 1617, 0),
(279, 2, 1618, 0),
(280, 2, 1619, 0),
(281, 2, 1620, 0),
(282, 2, 1621, 0),
(283, 2, 1622, 0),
(284, 2, 1623, 0),
(285, 2, 1624, 0),
(286, 2, 1625, 0),
(287, 2, 1626, 0),
(288, 2, 1627, 0),
(289, 2, 1628, 0),
(290, 2, 1629, 0),
(291, 2, 1630, 0),
(292, 2, 1631, 0),
(293, 2, 1632, 0),
(294, 2, 1633, 0),
(295, 2, 1634, 0),
(296, 2, 1635, 0),
(297, 2, 1636, 0),
(298, 2, 1637, 0),
(299, 2, 1638, 0),
(300, 2, 1639, 0),
(301, 2, 1640, 0),
(302, 2, 1641, 0),
(303, 2, 1642, 0),
(304, 2, 1643, 0),
(305, 2, 1644, 0),
(306, 2, 1645, 0),
(307, 2, 1646, 0),
(308, 3, 132, 0),
(309, 3, 133, 0),
(310, 3, 134, 0),
(311, 3, 135, 0),
(312, 3, 286, 0),
(313, 3, 287, 0),
(314, 3, 288, 0),
(315, 3, 289, 0),
(316, 3, 290, 0),
(317, 3, 291, 0),
(318, 3, 292, 0),
(319, 3, 293, 0),
(320, 3, 294, 0),
(321, 3, 295, 0),
(322, 3, 296, 0),
(323, 3, 297, 0),
(324, 3, 298, 0),
(325, 3, 446, 0),
(326, 3, 447, 0),
(327, 3, 448, 0),
(328, 3, 449, 0),
(329, 3, 450, 0),
(330, 3, 451, 0),
(331, 3, 452, 0),
(332, 3, 453, 0),
(333, 3, 454, 0),
(334, 3, 455, 0),
(335, 3, 456, 0),
(336, 3, 885, 0),
(337, 3, 886, 0),
(338, 3, 887, 0),
(339, 3, 888, 0),
(340, 3, 889, 0),
(341, 3, 890, 0),
(342, 3, 891, 0),
(343, 3, 892, 0),
(344, 3, 893, 0),
(345, 3, 894, 0),
(346, 3, 895, 0),
(347, 3, 896, 0),
(348, 3, 897, 0),
(349, 3, 898, 0),
(350, 3, 899, 0),
(351, 3, 900, 0),
(352, 3, 901, 0),
(353, 3, 902, 0),
(354, 3, 903, 0),
(355, 3, 904, 0),
(356, 3, 905, 0),
(357, 3, 906, 0),
(358, 3, 907, 0),
(359, 3, 908, 0),
(360, 3, 909, 0),
(361, 3, 910, 0),
(362, 3, 911, 0),
(363, 3, 912, 0),
(364, 3, 913, 0),
(365, 3, 914, 0),
(366, 3, 915, 0),
(367, 3, 916, 0),
(368, 3, 917, 0),
(369, 3, 918, 0),
(370, 3, 919, 0),
(371, 3, 920, 0),
(372, 3, 921, 0),
(373, 3, 922, 0),
(374, 3, 923, 0),
(375, 3, 924, 0),
(376, 3, 925, 0),
(377, 3, 926, 0),
(378, 3, 927, 0),
(379, 3, 928, 0),
(380, 3, 1821, 0),
(381, 3, 1822, 0),
(382, 3, 1823, 0),
(383, 3, 1824, 0),
(384, 3, 1825, 0),
(385, 3, 1826, 0),
(386, 3, 1827, 0),
(387, 3, 1828, 0),
(388, 3, 1829, 0),
(389, 3, 1830, 0),
(390, 3, 1831, 0),
(391, 3, 2025, 0),
(392, 3, 2026, 0),
(393, 3, 2027, 0),
(394, 3, 2028, 0),
(395, 3, 2029, 0),
(396, 3, 2030, 0),
(397, 3, 2031, 0),
(398, 3, 2032, 0),
(399, 3, 2033, 0),
(400, 3, 2034, 0),
(401, 3, 2035, 0),
(402, 3, 2036, 0),
(403, 3, 2037, 0),
(404, 3, 2038, 0),
(405, 3, 2039, 0),
(406, 4, 184, 0),
(407, 4, 185, 0),
(408, 4, 186, 0),
(409, 4, 187, 0),
(410, 4, 188, 0),
(411, 4, 189, 0),
(412, 4, 726, 0),
(413, 4, 727, 0),
(414, 4, 728, 0),
(415, 4, 729, 0),
(416, 4, 730, 0),
(417, 4, 731, 0),
(418, 4, 732, 0),
(419, 4, 733, 0),
(420, 4, 734, 0),
(421, 4, 735, 0),
(422, 4, 736, 0),
(423, 4, 737, 0),
(424, 4, 738, 0),
(425, 4, 739, 0),
(426, 4, 740, 0),
(427, 4, 741, 0),
(428, 4, 742, 0),
(429, 4, 743, 0),
(430, 4, 744, 0),
(431, 4, 745, 0),
(432, 4, 746, 0),
(433, 4, 747, 0),
(434, 4, 748, 0),
(435, 4, 749, 0),
(436, 4, 750, 0),
(437, 4, 751, 0),
(438, 4, 752, 0),
(439, 4, 753, 0),
(440, 4, 754, 0),
(441, 4, 755, 0),
(442, 4, 929, 0),
(443, 4, 930, 0),
(444, 4, 931, 0),
(445, 4, 932, 0),
(446, 4, 933, 0),
(447, 4, 934, 0),
(448, 4, 935, 0),
(449, 4, 936, 0),
(450, 4, 937, 0),
(451, 4, 938, 0),
(452, 4, 939, 0),
(453, 4, 940, 0),
(454, 4, 1675, 0),
(455, 4, 1676, 0),
(456, 4, 1677, 0),
(457, 4, 1678, 0),
(458, 4, 1679, 0),
(459, 4, 1680, 0),
(460, 4, 1681, 0),
(461, 4, 1682, 0),
(462, 4, 1683, 0),
(463, 4, 1719, 0),
(464, 4, 1720, 0),
(465, 4, 1721, 0),
(466, 4, 1722, 0),
(467, 4, 1723, 0),
(468, 4, 1724, 0),
(469, 4, 1725, 0),
(470, 4, 1726, 0),
(471, 4, 1727, 0),
(472, 4, 1728, 0),
(473, 4, 1729, 0),
(474, 4, 1730, 0),
(475, 4, 1731, 0),
(476, 4, 1732, 0),
(477, 4, 1733, 0),
(478, 4, 1734, 0),
(479, 4, 1735, 0),
(480, 4, 1736, 0),
(481, 4, 1737, 0),
(482, 4, 1738, 0),
(483, 4, 1739, 0),
(484, 4, 1740, 0),
(485, 4, 1741, 0),
(486, 4, 1742, 0),
(487, 4, 1743, 0),
(488, 4, 1744, 0),
(489, 4, 1745, 0),
(490, 4, 1746, 0),
(491, 4, 1747, 0),
(492, 4, 1748, 0),
(493, 4, 1749, 0),
(494, 4, 1750, 0),
(495, 4, 1751, 0),
(496, 4, 1752, 0),
(497, 4, 1753, 0),
(498, 4, 1754, 0),
(499, 4, 1755, 0),
(500, 4, 1756, 0),
(501, 4, 1757, 0),
(502, 4, 1758, 0),
(503, 4, 1759, 0),
(504, 4, 1760, 0),
(505, 4, 1761, 0),
(506, 4, 1762, 0),
(507, 4, 1763, 0),
(508, 4, 1764, 0),
(509, 4, 1765, 0),
(510, 4, 1766, 0),
(511, 4, 1767, 0),
(512, 4, 2317, 0),
(513, 4, 2318, 0),
(514, 4, 2319, 0),
(515, 4, 2320, 0),
(516, 4, 2321, 0),
(517, 4, 2322, 0),
(518, 4, 2323, 0),
(519, 4, 2324, 0),
(520, 4, 2325, 0),
(521, 4, 2326, 0),
(522, 4, 2327, 0),
(523, 4, 2328, 0),
(524, 4, 2329, 0),
(525, 4, 2330, 0),
(526, 4, 2331, 0),
(527, 4, 2332, 0),
(528, 4, 2333, 0),
(529, 4, 2334, 0),
(530, 4, 2335, 0),
(531, 4, 2336, 0),
(532, 4, 2337, 0),
(533, 4, 2338, 0),
(534, 4, 2357, 0),
(535, 4, 2358, 0),
(536, 4, 2359, 0),
(537, 4, 2360, 0),
(538, 4, 2361, 0),
(539, 4, 2362, 0),
(540, 4, 2363, 0),
(541, 4, 2364, 0),
(542, 4, 2365, 0),
(543, 4, 2366, 0),
(544, 4, 2367, 0),
(545, 4, 2368, 0),
(546, 4, 2369, 0),
(547, 5, 257, 0),
(548, 5, 258, 0),
(549, 5, 259, 0),
(550, 5, 260, 0),
(551, 5, 261, 0),
(552, 5, 262, 0),
(553, 5, 263, 0),
(554, 5, 264, 0),
(555, 5, 265, 0),
(556, 5, 266, 0),
(557, 5, 267, 0),
(558, 5, 268, 0),
(559, 5, 269, 0),
(560, 5, 270, 0),
(561, 5, 271, 0),
(562, 5, 272, 0),
(563, 5, 273, 0),
(564, 5, 274, 0),
(565, 5, 275, 0),
(566, 5, 276, 0),
(567, 5, 277, 0),
(568, 5, 278, 0),
(569, 5, 279, 0),
(570, 5, 280, 0),
(571, 5, 281, 0),
(572, 5, 282, 0),
(573, 5, 283, 0),
(574, 5, 284, 0),
(575, 5, 285, 0),
(576, 5, 340, 0),
(577, 5, 341, 0),
(578, 5, 342, 0),
(579, 5, 343, 0),
(580, 5, 344, 0),
(581, 5, 345, 0),
(582, 5, 372, 0),
(583, 5, 373, 0),
(584, 5, 374, 0),
(585, 5, 375, 0),
(586, 5, 376, 0),
(587, 5, 377, 0),
(588, 5, 378, 0),
(589, 5, 379, 0),
(590, 5, 380, 0),
(591, 5, 381, 0),
(592, 5, 382, 0),
(593, 5, 383, 0),
(594, 5, 384, 0),
(595, 5, 385, 0),
(596, 5, 386, 0),
(597, 5, 387, 0),
(598, 5, 388, 0),
(599, 5, 389, 0),
(600, 5, 390, 0),
(601, 5, 391, 0),
(602, 5, 392, 0),
(603, 5, 393, 0),
(604, 5, 394, 0),
(605, 5, 395, 0),
(606, 5, 396, 0),
(607, 5, 457, 0),
(608, 5, 458, 0),
(609, 5, 459, 0),
(610, 5, 460, 0),
(611, 5, 461, 0),
(612, 5, 462, 0),
(613, 5, 463, 0),
(614, 5, 464, 0),
(615, 5, 465, 0),
(616, 5, 466, 0),
(617, 5, 1321, 0),
(618, 5, 1322, 0),
(619, 5, 1323, 0),
(620, 5, 1324, 0),
(621, 5, 1325, 0),
(622, 5, 1326, 0),
(623, 5, 1327, 0),
(624, 5, 1328, 0),
(625, 5, 1329, 0),
(626, 5, 1330, 0),
(627, 5, 1331, 0),
(628, 5, 1332, 0),
(629, 5, 1333, 0),
(630, 5, 1334, 0),
(631, 5, 1335, 0),
(632, 5, 1440, 0),
(633, 5, 1441, 0),
(634, 5, 1442, 0),
(635, 5, 1443, 0),
(636, 5, 1444, 0),
(637, 5, 1445, 0),
(638, 5, 1446, 0),
(639, 5, 1447, 0),
(640, 5, 1448, 0),
(641, 5, 1449, 0),
(642, 5, 1450, 0),
(643, 5, 1451, 0),
(644, 5, 1452, 0),
(645, 5, 1453, 0),
(646, 5, 1454, 0),
(647, 5, 1455, 0),
(648, 5, 1661, 0),
(649, 5, 1662, 0),
(650, 5, 1663, 0),
(651, 5, 1664, 0),
(652, 5, 1665, 0),
(653, 5, 1666, 0),
(654, 5, 1667, 0),
(655, 5, 1668, 0),
(656, 5, 1669, 0),
(657, 5, 1670, 0),
(658, 5, 1671, 0),
(659, 5, 1672, 0),
(660, 5, 1673, 0),
(661, 5, 1674, 0),
(662, 6, 2436, 0),
(663, 6, 2437, 0),
(664, 6, 2438, 0),
(665, 6, 2439, 0),
(666, 6, 2440, 0),
(667, 6, 2441, 0),
(668, 6, 2442, 0),
(669, 6, 2443, 0),
(670, 6, 2444, 0),
(671, 6, 2445, 0),
(672, 6, 2446, 0),
(673, 6, 2447, 0),
(674, 6, 2448, 0),
(675, 6, 2449, 0),
(676, 6, 2450, 0),
(677, 6, 2451, 0),
(678, 6, 2452, 0),
(679, 6, 2453, 0),
(680, 6, 2454, 0),
(681, 6, 2455, 0),
(682, 6, 2456, 0),
(683, 6, 2457, 0),
(684, 6, 2458, 0),
(685, 6, 2459, 0),
(686, 6, 2460, 0),
(687, 6, 2461, 0),
(688, 6, 2462, 0),
(689, 6, 2463, 0),
(690, 6, 2464, 0),
(691, 6, 2465, 0),
(692, 6, 2466, 0),
(693, 6, 2467, 0),
(694, 6, 2468, 0),
(695, 6, 2469, 0),
(696, 6, 2470, 0),
(697, 6, 2471, 0),
(698, 6, 2472, 0),
(699, 6, 2473, 0),
(700, 6, 2474, 0),
(701, 6, 2475, 0),
(702, 6, 2476, 0),
(703, 6, 2477, 0),
(704, 6, 2478, 0),
(705, 6, 2479, 0),
(706, 6, 2480, 0),
(707, 6, 2481, 0),
(708, 6, 2482, 0),
(709, 6, 2483, 0),
(710, 6, 2484, 0),
(711, 6, 2485, 0),
(712, 6, 2486, 0),
(713, 6, 2487, 0),
(714, 6, 2488, 0),
(715, 6, 2489, 0),
(716, 6, 2490, 0),
(717, 6, 2491, 0),
(718, 6, 2492, 0),
(719, 6, 2493, 0),
(720, 6, 2494, 0),
(721, 6, 2495, 0),
(722, 6, 2496, 0),
(723, 6, 2497, 0),
(724, 6, 2498, 0),
(725, 6, 2499, 0),
(726, 6, 2500, 0),
(727, 6, 2501, 0),
(728, 6, 2502, 0),
(729, 6, 2503, 0),
(730, 6, 2504, 0),
(731, 6, 2505, 0),
(732, 6, 2506, 0),
(733, 6, 2507, 0),
(734, 6, 2508, 0),
(735, 6, 2509, 0),
(736, 6, 2510, 0),
(737, 6, 2511, 0),
(738, 6, 2512, 0),
(739, 6, 2513, 0),
(740, 6, 2514, 0),
(741, 6, 2515, 0),
(742, 6, 2516, 0),
(743, 6, 2517, 0),
(744, 6, 2518, 0),
(745, 6, 2519, 0),
(746, 6, 2520, 0),
(747, 6, 2521, 0),
(748, 6, 2522, 0),
(749, 6, 2523, 0),
(750, 6, 2524, 0),
(751, 6, 2525, 0),
(752, 6, 2526, 0),
(753, 6, 2527, 0),
(754, 6, 2528, 0),
(755, 6, 2529, 0),
(756, 6, 2530, 0),
(757, 6, 2676, 0),
(758, 7, 685, 0),
(759, 7, 686, 0),
(760, 7, 687, 0),
(761, 7, 688, 0),
(762, 7, 689, 0),
(763, 7, 690, 0),
(764, 7, 691, 0),
(765, 7, 692, 0),
(766, 7, 693, 0),
(767, 7, 694, 0),
(768, 7, 695, 0),
(769, 7, 696, 0),
(770, 7, 697, 0),
(771, 7, 698, 0),
(772, 7, 699, 0),
(773, 7, 700, 0),
(774, 7, 701, 0),
(775, 7, 702, 0),
(776, 7, 703, 0),
(777, 7, 704, 0),
(778, 7, 705, 0),
(779, 7, 706, 0),
(780, 7, 707, 0),
(781, 7, 708, 0),
(782, 7, 709, 0),
(783, 7, 710, 0),
(784, 7, 711, 0),
(785, 7, 1590, 0),
(786, 7, 1591, 0),
(787, 7, 1592, 0),
(788, 7, 1593, 0),
(789, 7, 1594, 0),
(790, 7, 1595, 0),
(791, 7, 1596, 0),
(792, 7, 1597, 0),
(793, 7, 1598, 0),
(794, 7, 1599, 0),
(795, 7, 1600, 0),
(796, 7, 1912, 0),
(797, 7, 1913, 0),
(798, 7, 1914, 0),
(799, 7, 1915, 0),
(800, 7, 1916, 0),
(801, 7, 1917, 0),
(802, 7, 1918, 0),
(803, 7, 1919, 0),
(804, 7, 1920, 0),
(805, 7, 1921, 0),
(806, 7, 1922, 0),
(807, 7, 1923, 0),
(808, 7, 1924, 0),
(809, 7, 1925, 0),
(810, 7, 1926, 0),
(811, 7, 1927, 0),
(812, 7, 1928, 0),
(813, 7, 1929, 0),
(814, 7, 1930, 0),
(815, 7, 1931, 0),
(816, 7, 1932, 0),
(817, 7, 1933, 0),
(818, 7, 1934, 0),
(819, 7, 1935, 0),
(820, 7, 1936, 0),
(821, 7, 1937, 0),
(822, 7, 1938, 0),
(823, 7, 2040, 0),
(824, 7, 2041, 0),
(825, 7, 2042, 0),
(826, 7, 2043, 0),
(827, 7, 2044, 0),
(828, 7, 2045, 0),
(829, 7, 2046, 0),
(830, 7, 2047, 0),
(831, 7, 2048, 0),
(832, 7, 2049, 0),
(833, 7, 2050, 0),
(834, 7, 2051, 0),
(835, 7, 2389, 0),
(836, 7, 2390, 0),
(837, 7, 2391, 0),
(838, 7, 2392, 0),
(839, 7, 2393, 0),
(840, 7, 2394, 0),
(841, 7, 2395, 0),
(842, 7, 2396, 0),
(843, 7, 2397, 0),
(844, 7, 2398, 0),
(845, 7, 2399, 0),
(846, 7, 2400, 0),
(847, 7, 2401, 0),
(848, 7, 2402, 0),
(849, 7, 2403, 0),
(850, 7, 2404, 0),
(851, 7, 2405, 0),
(852, 7, 2406, 0),
(853, 7, 2407, 0),
(854, 7, 2408, 0),
(855, 7, 2409, 0),
(856, 7, 2410, 0),
(857, 7, 2411, 0),
(858, 7, 2412, 0),
(859, 7, 2413, 0),
(860, 7, 2414, 0),
(861, 7, 2415, 0),
(862, 7, 2416, 0),
(863, 7, 2417, 0),
(864, 7, 2418, 0),
(865, 7, 2419, 0),
(866, 7, 2420, 0),
(867, 7, 2421, 0),
(868, 7, 2422, 0),
(869, 7, 2423, 0),
(870, 7, 2424, 0),
(871, 7, 2425, 0),
(872, 7, 2426, 0),
(873, 7, 2427, 0),
(874, 7, 2428, 0),
(875, 7, 2429, 0),
(876, 7, 2430, 0),
(877, 7, 2431, 0),
(878, 7, 2432, 0),
(879, 7, 2433, 0),
(880, 7, 2434, 0),
(881, 7, 2435, 0),
(882, 8, 26, 3),
(883, 8, 27, 3),
(884, 8, 28, 3),
(885, 8, 29, 3),
(886, 8, 30, 3),
(887, 8, 31, 3),
(888, 8, 32, 3),
(889, 8, 33, 3),
(890, 8, 34, 3),
(891, 8, 35, 3),
(892, 8, 36, 3),
(893, 8, 37, 3),
(894, 8, 299, 28),
(895, 8, 300, 28),
(896, 8, 301, 28),
(897, 8, 302, 28),
(898, 8, 303, 28),
(899, 8, 304, 28),
(900, 8, 324, 30),
(901, 8, 325, 30),
(902, 8, 326, 30),
(903, 8, 327, 30),
(904, 8, 328, 30),
(905, 8, 329, 30),
(906, 8, 330, 30),
(907, 8, 331, 30),
(908, 8, 332, 30),
(909, 8, 333, 30),
(910, 8, 334, 30),
(911, 8, 335, 30),
(912, 8, 336, 30),
(913, 8, 337, 30),
(914, 8, 338, 30),
(915, 8, 339, 30),
(916, 8, 346, 15),
(917, 8, 347, 15),
(918, 8, 348, 15),
(919, 8, 349, 15),
(920, 8, 350, 15),
(921, 8, 351, 15),
(922, 8, 352, 15),
(923, 8, 353, 15),
(924, 8, 354, 15),
(925, 8, 355, 15),
(926, 8, 356, 15),
(927, 8, 357, 15),
(928, 8, 358, 15),
(929, 8, 359, 15),
(930, 8, 360, 15),
(931, 8, 651, 40),
(932, 8, 652, 40),
(933, 8, 653, 40),
(934, 8, 654, 40),
(935, 8, 655, 40),
(936, 8, 656, 40),
(937, 8, 657, 40),
(938, 8, 658, 40),
(939, 8, 659, 40),
(940, 8, 660, 40),
(941, 8, 661, 40),
(942, 8, 662, 40),
(943, 8, 663, 40),
(944, 8, 664, 40),
(945, 8, 1788, 83),
(946, 8, 1789, 83),
(947, 8, 1790, 83),
(948, 8, 1791, 83),
(949, 8, 1792, 83),
(950, 8, 1793, 83),
(951, 8, 1794, 83),
(952, 8, 1795, 83),
(953, 8, 1796, 83),
(954, 8, 1797, 83),
(955, 8, 1798, 83),
(956, 8, 1959, 92),
(957, 8, 1960, 92),
(958, 8, 1961, 92),
(959, 8, 1962, 92),
(960, 8, 1963, 92),
(961, 8, 1964, 92),
(962, 8, 1965, 92),
(963, 8, 1966, 92),
(964, 8, 1967, 92),
(965, 8, 1968, 92),
(966, 8, 1969, 92),
(967, 8, 1970, 92),
(968, 8, 1971, 92),
(969, 8, 1972, 92),
(970, 8, 1973, 92),
(971, 8, 1974, 92),
(972, 8, 1975, 92),
(973, 8, 1977, 92),
(974, 8, 1978, 92),
(975, 8, 2678, 92),
(976, 8, 2679, 92),
(977, 8, 2680, 92),
(978, 8, 2681, 92),
(979, 8, 2682, 92),
(980, 8, 2683, 92),
(981, 8, 2684, 92),
(982, 8, 2685, 92),
(983, 8, 2686, 92),
(984, 8, 2687, 92),
(985, 8, 2688, 92),
(986, 8, 2689, 92),
(987, 8, 2690, 92),
(988, 8, 2691, 92),
(989, 8, 2693, 92),
(990, 8, 2694, 92),
(991, 8, 2695, 92),
(992, 8, 2696, 92),
(993, 8, 2697, 92),
(994, 8, 2698, 92),
(995, 8, 2699, 92),
(996, 8, 2700, 92),
(997, 8, 2701, 92),
(998, 9, 305, 0),
(999, 9, 306, 0),
(1000, 9, 307, 0),
(1001, 9, 308, 0),
(1002, 9, 309, 0),
(1003, 9, 310, 0),
(1004, 9, 311, 0),
(1005, 9, 312, 0),
(1006, 9, 313, 0),
(1007, 9, 314, 0),
(1008, 9, 315, 0),
(1009, 9, 316, 0),
(1010, 9, 317, 0),
(1011, 9, 318, 0),
(1012, 9, 319, 0),
(1013, 9, 320, 0),
(1014, 9, 321, 0),
(1015, 9, 322, 0),
(1016, 9, 323, 0),
(1017, 9, 361, 0),
(1018, 9, 362, 0),
(1019, 9, 363, 0),
(1020, 9, 364, 0),
(1021, 9, 365, 0),
(1022, 9, 366, 0),
(1023, 9, 367, 0),
(1024, 9, 368, 0),
(1025, 9, 369, 0),
(1026, 9, 370, 0),
(1027, 9, 371, 0),
(1028, 9, 1389, 0),
(1029, 9, 1390, 0),
(1030, 9, 1391, 0),
(1031, 9, 1392, 0),
(1032, 9, 1393, 0),
(1033, 9, 1394, 0),
(1034, 9, 1395, 0),
(1035, 9, 1396, 0),
(1036, 9, 1397, 0),
(1037, 9, 1398, 0),
(1038, 9, 1399, 0),
(1039, 9, 1400, 0),
(1040, 9, 1401, 0),
(1041, 9, 1402, 0),
(1042, 9, 1403, 0),
(1043, 9, 1404, 0),
(1044, 9, 1405, 0),
(1045, 9, 1406, 0),
(1046, 9, 1684, 0),
(1047, 9, 1685, 0),
(1048, 9, 1686, 0),
(1049, 9, 1687, 0),
(1050, 9, 1688, 0),
(1051, 9, 1689, 0),
(1052, 9, 1690, 0),
(1053, 9, 1691, 0),
(1054, 9, 1692, 0),
(1055, 9, 1693, 0),
(1056, 9, 1694, 0),
(1057, 9, 1695, 0),
(1058, 9, 1696, 0),
(1059, 9, 1697, 0),
(1060, 9, 1698, 0),
(1061, 9, 1699, 0),
(1062, 9, 1700, 0),
(1063, 9, 1701, 0),
(1064, 9, 1702, 0),
(1065, 9, 1703, 0),
(1066, 9, 1704, 0),
(1067, 9, 1705, 0),
(1068, 9, 1706, 0),
(1069, 9, 1707, 0),
(1070, 9, 1708, 0),
(1071, 9, 1709, 0),
(1072, 9, 1710, 0),
(1073, 9, 1711, 0),
(1074, 9, 1712, 0),
(1075, 9, 1713, 0),
(1076, 9, 1714, 0),
(1077, 9, 1715, 0),
(1078, 9, 1716, 0),
(1079, 9, 1717, 0),
(1080, 9, 1718, 0),
(1081, 9, 1898, 0),
(1082, 9, 1899, 0),
(1083, 9, 1900, 0),
(1084, 9, 1901, 0),
(1085, 9, 1902, 0),
(1086, 9, 1903, 0),
(1087, 9, 1904, 0),
(1088, 9, 1905, 0),
(1089, 9, 1906, 0),
(1090, 9, 1907, 0),
(1091, 9, 1908, 0),
(1092, 9, 1909, 0),
(1093, 9, 1910, 0),
(1094, 9, 1911, 0),
(1095, 9, 2002, 0),
(1096, 9, 2003, 0),
(1097, 9, 2004, 0),
(1098, 9, 2005, 0),
(1099, 9, 2006, 0),
(1100, 9, 2007, 0),
(1101, 9, 2008, 0),
(1102, 9, 2009, 0),
(1103, 9, 2010, 0),
(1104, 9, 2011, 0),
(1105, 9, 2012, 0),
(1106, 9, 2052, 0),
(1107, 9, 2053, 0),
(1108, 9, 2054, 0),
(1109, 9, 2055, 0),
(1110, 9, 2056, 0),
(1111, 9, 2057, 0),
(1112, 9, 2058, 0),
(1113, 9, 2059, 0),
(1114, 9, 2060, 0),
(1115, 9, 2061, 0),
(1116, 9, 2062, 0),
(1117, 9, 2063, 0),
(1118, 9, 2064, 0),
(1119, 9, 2339, 0),
(1120, 9, 2340, 0),
(1121, 9, 2341, 0),
(1122, 9, 2342, 0),
(1123, 9, 2343, 0),
(1124, 9, 2344, 0),
(1125, 9, 2345, 0),
(1126, 9, 2346, 0),
(1127, 9, 2347, 0),
(1128, 9, 2348, 0),
(1129, 9, 2349, 0),
(1130, 9, 2350, 0),
(1131, 9, 2351, 0),
(1132, 9, 2352, 0),
(1133, 9, 2353, 0),
(1134, 9, 2354, 0),
(1135, 9, 2355, 0),
(1136, 9, 2356, 0),
(1137, 10, 941, 0),
(1138, 10, 942, 0),
(1139, 10, 943, 0),
(1140, 10, 944, 0),
(1141, 10, 945, 0),
(1142, 10, 946, 0),
(1143, 10, 947, 0),
(1144, 10, 948, 0),
(1145, 10, 951, 0),
(1146, 10, 952, 0),
(1147, 10, 953, 0),
(1148, 10, 1191, 0),
(1149, 10, 1192, 0),
(1150, 10, 1193, 0),
(1151, 10, 1197, 0),
(1152, 10, 1198, 0),
(1153, 10, 1199, 0),
(1154, 10, 1200, 0),
(1155, 10, 1201, 0),
(1156, 10, 1202, 0),
(1157, 10, 1203, 0),
(1158, 10, 1204, 0),
(1159, 10, 1208, 0),
(1160, 10, 1209, 0),
(1161, 10, 1210, 0),
(1162, 10, 1211, 0),
(1163, 10, 1212, 0),
(1164, 10, 1213, 0),
(1165, 10, 1214, 0),
(1166, 10, 1216, 0),
(1167, 10, 1217, 0),
(1168, 10, 1218, 0),
(1169, 10, 1219, 0),
(1170, 10, 1220, 0),
(1171, 10, 1252, 0),
(1172, 10, 1253, 0),
(1173, 10, 1254, 0),
(1174, 10, 1255, 0),
(1175, 10, 1256, 0),
(1176, 10, 1257, 0),
(1177, 10, 1258, 0),
(1178, 10, 1259, 0),
(1179, 10, 1260, 0),
(1180, 10, 1261, 0),
(1181, 10, 1263, 0),
(1182, 10, 1264, 0),
(1183, 10, 1265, 0),
(1184, 10, 1283, 0),
(1185, 10, 2677, 0),
(1186, 10, 2702, 0),
(1187, 11, 969, 0),
(1188, 11, 970, 0),
(1189, 11, 971, 0),
(1190, 11, 972, 0),
(1191, 11, 973, 0),
(1192, 11, 974, 0),
(1193, 11, 975, 0),
(1194, 11, 976, 0),
(1195, 11, 977, 0),
(1196, 11, 978, 0),
(1197, 11, 979, 0),
(1198, 11, 980, 0),
(1199, 11, 981, 0),
(1200, 11, 982, 0),
(1201, 11, 983, 0),
(1202, 11, 984, 0),
(1203, 11, 985, 0),
(1204, 11, 986, 0),
(1205, 11, 987, 0),
(1206, 11, 988, 0),
(1207, 11, 989, 0),
(1208, 11, 990, 0),
(1209, 11, 991, 0),
(1210, 11, 992, 0),
(1211, 11, 1031, 0),
(1212, 11, 1032, 0),
(1213, 11, 1033, 0),
(1214, 11, 1034, 0),
(1215, 11, 1035, 0),
(1216, 11, 1036, 0),
(1217, 11, 1037, 0),
(1218, 11, 1038, 0),
(1219, 11, 1039, 0),
(1220, 11, 1040, 0),
(1221, 11, 1041, 0),
(1222, 11, 1076, 0),
(1223, 11, 1077, 0),
(1224, 11, 1078, 0),
(1225, 11, 1080, 0),
(1226, 11, 1081, 0),
(1227, 11, 1082, 0),
(1228, 11, 1083, 0),
(1229, 11, 1084, 0),
(1230, 11, 1085, 0),
(1231, 11, 1086, 0),
(1232, 11, 1087, 0),
(1233, 11, 1088, 0),
(1234, 11, 1089, 0),
(1235, 11, 1090, 0),
(1236, 11, 1091, 0),
(1237, 11, 1092, 0),
(1238, 11, 1093, 0),
(1239, 11, 1094, 0),
(1240, 11, 1095, 0),
(1241, 11, 1096, 0),
(1242, 11, 1097, 0),
(1243, 11, 1098, 0),
(1244, 11, 1099, 0),
(1245, 11, 1100, 0),
(1246, 11, 1101, 0),
(1247, 11, 1102, 0),
(1248, 11, 1103, 0),
(1249, 11, 1104, 0),
(1250, 11, 1105, 0),
(1251, 11, 1106, 0),
(1252, 11, 1107, 0),
(1253, 11, 1108, 0),
(1254, 11, 1109, 0),
(1255, 11, 1110, 0),
(1256, 11, 1111, 0),
(1257, 11, 1112, 0),
(1258, 11, 1113, 0),
(1259, 11, 1114, 0),
(1260, 11, 1115, 0),
(1261, 11, 1116, 0),
(1262, 11, 1117, 0),
(1263, 11, 1186, 0),
(1264, 11, 1187, 0),
(1265, 11, 1188, 0),
(1266, 11, 1189, 0),
(1267, 11, 1190, 0),
(1268, 11, 1194, 0),
(1269, 11, 1195, 0),
(1270, 11, 1196, 0),
(1271, 11, 1205, 0),
(1272, 11, 1206, 0),
(1273, 11, 1207, 0),
(1274, 11, 1237, 0),
(1275, 11, 1238, 0),
(1276, 11, 1262, 0),
(1277, 11, 1284, 0),
(1278, 11, 1285, 0),
(1279, 11, 2675, 0),
(1280, 11, 2692, 0),
(1281, 11, 2703, 0),
(1282, 12, 480, 0),
(1283, 12, 481, 0),
(1284, 12, 482, 0),
(1285, 12, 483, 0),
(1286, 12, 484, 0),
(1287, 12, 485, 0),
(1288, 12, 486, 0),
(1289, 12, 487, 0),
(1290, 12, 488, 0),
(1291, 12, 489, 0),
(1292, 12, 490, 0),
(1293, 12, 491, 0),
(1294, 12, 492, 0),
(1295, 12, 493, 0),
(1296, 12, 494, 0),
(1297, 12, 495, 0),
(1298, 12, 496, 0),
(1299, 12, 497, 0),
(1300, 12, 498, 0),
(1301, 12, 499, 0),
(1302, 12, 500, 0),
(1303, 12, 501, 0),
(1304, 12, 502, 0),
(1305, 12, 503, 0),
(1306, 12, 504, 0),
(1307, 12, 505, 0),
(1308, 12, 506, 0),
(1309, 12, 507, 0),
(1310, 12, 508, 0),
(1311, 12, 509, 0),
(1312, 12, 510, 0),
(1313, 12, 511, 0),
(1314, 12, 512, 0),
(1315, 12, 513, 0),
(1316, 12, 514, 0),
(1317, 12, 515, 0),
(1318, 12, 516, 0),
(1319, 12, 517, 0),
(1320, 12, 518, 0),
(1321, 12, 519, 0),
(1322, 12, 520, 0),
(1323, 12, 521, 0),
(1324, 12, 522, 0),
(1325, 12, 523, 0),
(1326, 12, 524, 0),
(1327, 12, 525, 0),
(1328, 12, 526, 0),
(1329, 12, 527, 0),
(1330, 12, 528, 0),
(1331, 12, 529, 0),
(1332, 12, 530, 0),
(1333, 12, 531, 0),
(1334, 12, 532, 0),
(1335, 12, 533, 0),
(1336, 12, 534, 0),
(1337, 12, 535, 0),
(1338, 12, 536, 0),
(1339, 12, 537, 0),
(1340, 12, 538, 0),
(1341, 12, 539, 0),
(1342, 12, 540, 0),
(1343, 12, 541, 0),
(1344, 12, 542, 0),
(1345, 12, 543, 0),
(1346, 12, 544, 0),
(1347, 12, 545, 0),
(1348, 12, 546, 0),
(1349, 12, 547, 0),
(1350, 12, 548, 0),
(1351, 12, 549, 0),
(1352, 12, 550, 0),
(1353, 12, 551, 0),
(1354, 12, 552, 0),
(1355, 12, 553, 0),
(1356, 12, 555, 0),
(1357, 12, 556, 0),
(1358, 12, 665, 0),
(1359, 12, 666, 0),
(1360, 12, 667, 0),
(1361, 12, 668, 0),
(1362, 12, 669, 0),
(1363, 12, 670, 0),
(1364, 12, 671, 0),
(1365, 12, 672, 0),
(1366, 12, 1647, 0),
(1367, 12, 1648, 0),
(1368, 12, 1649, 0),
(1369, 12, 1650, 0),
(1370, 12, 1651, 0),
(1371, 12, 1652, 0),
(1372, 12, 1653, 0),
(1373, 12, 1654, 0),
(1374, 12, 1655, 0),
(1375, 12, 1656, 0),
(1376, 12, 1657, 0),
(1377, 12, 1658, 0),
(1378, 12, 1659, 0),
(1379, 12, 1660, 0),
(1380, 12, 2538, 0),
(1381, 12, 2539, 0),
(1382, 12, 2540, 0),
(1383, 12, 2541, 0),
(1384, 12, 2542, 0),
(1385, 12, 2543, 0),
(1386, 12, 2544, 0),
(1387, 12, 2545, 0),
(1388, 12, 2546, 0),
(1389, 12, 2547, 0),
(1390, 12, 2548, 0),
(1391, 12, 2549, 0),
(1392, 12, 2550, 0),
(1393, 12, 2551, 0),
(1394, 12, 2552, 0),
(1395, 12, 2553, 0),
(1396, 12, 2554, 0),
(1397, 12, 2555, 0),
(1398, 12, 2556, 0),
(1399, 12, 2557, 0),
(1400, 12, 2558, 0),
(1401, 12, 2559, 0),
(1402, 12, 2560, 0),
(1403, 12, 2561, 0),
(1404, 12, 2562, 0),
(1405, 12, 2563, 0),
(1406, 12, 2564, 0),
(1407, 12, 2565, 0),
(1408, 12, 2566, 0),
(1409, 12, 2567, 0),
(1410, 12, 2568, 0),
(1411, 12, 2569, 0),
(1412, 13, 52, 0),
(1413, 13, 53, 0),
(1414, 13, 54, 0),
(1415, 13, 55, 0),
(1416, 13, 56, 0),
(1417, 13, 57, 0),
(1418, 13, 1378, 0),
(1419, 13, 1379, 0),
(1420, 13, 1380, 0),
(1421, 13, 1381, 0),
(1422, 13, 1382, 0),
(1423, 13, 1383, 0),
(1424, 13, 1384, 0),
(1425, 13, 1385, 0),
(1426, 13, 1386, 0),
(1427, 13, 1387, 0),
(1428, 13, 1388, 0),
(1429, 13, 2578, 0),
(1430, 13, 2579, 0),
(1431, 13, 2580, 0),
(1432, 13, 2581, 0),
(1433, 13, 2582, 0),
(1434, 13, 2583, 0),
(1435, 13, 2584, 0),
(1436, 13, 2585, 0),
(1437, 13, 2586, 0),
(1438, 13, 2587, 0),
(1439, 13, 2588, 0),
(1440, 13, 2589, 0),
(1441, 13, 2590, 0),
(1442, 13, 2591, 0),
(1443, 13, 2592, 0),
(1444, 13, 2593, 0),
(1445, 13, 2594, 0),
(1446, 13, 2595, 0),
(1447, 13, 2596, 0),
(1448, 13, 2597, 0),
(1449, 13, 2598, 0),
(1450, 13, 2599, 0),
(1451, 13, 2600, 0),
(1452, 13, 2601, 0),
(1453, 13, 2602, 0),
(1454, 13, 2603, 0),
(1455, 13, 2604, 0),
(1456, 13, 2605, 0),
(1457, 13, 2606, 0),
(1458, 13, 2607, 0),
(1459, 13, 2608, 0),
(1460, 13, 2609, 0),
(1461, 13, 2610, 0),
(1462, 13, 2611, 0),
(1463, 13, 2612, 0),
(1464, 13, 2613, 0),
(1465, 13, 2614, 0),
(1466, 13, 2615, 0),
(1467, 13, 2616, 0),
(1468, 13, 2617, 0),
(1469, 13, 2618, 0),
(1470, 13, 2619, 0),
(1471, 13, 2620, 0),
(1472, 13, 2621, 0),
(1473, 13, 2622, 0),
(1474, 13, 2623, 0),
(1475, 13, 2624, 0),
(1476, 13, 2625, 0),
(1477, 13, 2626, 0),
(1478, 13, 2627, 0),
(1479, 13, 2628, 0),
(1480, 13, 2629, 0),
(1481, 13, 2630, 0),
(1482, 13, 2631, 0),
(1483, 13, 2632, 0),
(1484, 13, 2633, 0),
(1485, 13, 2634, 0),
(1486, 13, 2635, 0),
(1487, 13, 2636, 0),
(1488, 13, 2637, 0),
(1489, 13, 2638, 0),
(1490, 13, 2639, 0),
(1491, 13, 2640, 0),
(1492, 13, 2641, 0),
(1493, 13, 2642, 0),
(1494, 13, 2643, 0),
(1495, 13, 2644, 0),
(1496, 13, 2645, 0),
(1497, 13, 2646, 0),
(1498, 13, 2647, 0),
(1499, 13, 2648, 0),
(1500, 13, 2649, 0),
(1501, 13, 2650, 0),
(1502, 13, 2651, 0),
(1503, 13, 2652, 0),
(1504, 13, 2653, 0),
(1505, 13, 2654, 0),
(1506, 13, 2655, 0),
(1507, 13, 2656, 0),
(1508, 13, 2657, 0),
(1509, 13, 2658, 0),
(1510, 13, 2659, 0),
(1511, 14, 2175, 0),
(1512, 14, 2176, 0),
(1513, 14, 2177, 0),
(1514, 14, 2178, 0),
(1515, 14, 2179, 0),
(1516, 14, 2180, 0),
(1517, 14, 2181, 0),
(1518, 14, 2182, 0),
(1519, 14, 2183, 0),
(1520, 14, 2184, 0),
(1521, 14, 2185, 0),
(1522, 14, 2186, 0),
(1523, 14, 2187, 0),
(1524, 14, 2188, 0),
(1525, 14, 2189, 0),
(1526, 14, 2190, 0),
(1527, 14, 2191, 0),
(1528, 14, 2192, 0),
(1529, 14, 2193, 0),
(1530, 14, 2194, 0),
(1531, 14, 2195, 0),
(1532, 14, 2196, 0),
(1533, 14, 2197, 0),
(1534, 14, 2198, 0),
(1535, 14, 2199, 0),
(1536, 14, 2200, 0),
(1537, 14, 2201, 0),
(1538, 14, 2202, 0),
(1539, 14, 2203, 0),
(1540, 14, 2204, 0),
(1541, 14, 2205, 0),
(1542, 14, 2206, 0),
(1543, 14, 2209, 0),
(1544, 14, 2210, 0),
(1545, 14, 2211, 0),
(1546, 14, 2212, 0),
(1547, 14, 2213, 0),
(1548, 14, 2214, 0),
(1549, 14, 2215, 0),
(1550, 14, 2216, 0),
(1551, 14, 2217, 0),
(1552, 14, 2218, 0),
(1553, 14, 2219, 0),
(1554, 14, 2220, 0),
(1555, 14, 2221, 0),
(1556, 14, 2222, 0),
(1557, 14, 2223, 0),
(1558, 14, 2224, 0),
(1559, 14, 2225, 0),
(1560, 14, 2236, 0),
(1561, 14, 2237, 0),
(1562, 14, 2238, 0),
(1563, 14, 2239, 0),
(1564, 14, 2240, 0),
(1565, 14, 2241, 0),
(1566, 14, 2242, 0),
(1567, 14, 2255, 0),
(1568, 14, 2256, 0),
(1569, 14, 2257, 0),
(1570, 14, 2258, 0),
(1571, 14, 2259, 0),
(1572, 14, 2260, 0),
(1573, 14, 2261, 0),
(1574, 14, 2262, 0),
(1575, 14, 2263, 0),
(1576, 14, 2264, 0),
(1577, 14, 2265, 0),
(1578, 14, 2273, 0),
(1579, 14, 2274, 0),
(1580, 14, 2275, 0),
(1581, 14, 2276, 0),
(1582, 14, 2277, 0),
(1583, 14, 2278, 0),
(1584, 14, 2279, 0),
(1585, 14, 2295, 0),
(1586, 14, 2296, 0),
(1587, 14, 2299, 0),
(1588, 14, 2300, 0),
(1589, 14, 2301, 0),
(1590, 14, 2302, 0),
(1591, 14, 2303, 0),
(1592, 14, 2304, 0),
(1593, 14, 2305, 0),
(1594, 14, 2306, 0),
(1595, 14, 2307, 0),
(1596, 14, 2308, 0),
(1597, 14, 2309, 0),
(1598, 14, 2310, 0),
(1599, 15, 647, 0),
(1600, 15, 648, 0),
(1601, 15, 649, 0),
(1602, 15, 650, 0),
(1603, 15, 802, 0),
(1604, 15, 803, 0),
(1605, 15, 804, 0),
(1606, 15, 805, 0),
(1607, 15, 1456, 0),
(1608, 15, 1457, 0),
(1609, 15, 1458, 0),
(1610, 15, 1459, 0),
(1611, 15, 1460, 0),
(1612, 15, 1461, 0),
(1613, 15, 1462, 0),
(1614, 15, 1463, 0),
(1615, 15, 1464, 0),
(1616, 15, 1465, 0),
(1617, 15, 1466, 0),
(1618, 15, 1467, 0),
(1619, 15, 1468, 0),
(1620, 15, 1469, 0),
(1621, 15, 1470, 0),
(1622, 15, 1471, 0),
(1623, 15, 1472, 0),
(1624, 15, 1473, 0),
(1625, 15, 1474, 0),
(1626, 15, 1475, 0),
(1627, 15, 1476, 0),
(1628, 15, 1477, 0),
(1629, 15, 1478, 0),
(1630, 15, 1479, 0),
(1631, 15, 1480, 0),
(1632, 15, 1481, 0),
(1633, 15, 1482, 0),
(1634, 15, 1483, 0),
(1635, 15, 1484, 0),
(1636, 15, 1485, 0),
(1637, 15, 1486, 0),
(1638, 15, 1487, 0),
(1639, 15, 1488, 0),
(1640, 15, 1489, 0),
(1641, 15, 1490, 0),
(1642, 15, 1491, 0),
(1643, 15, 1492, 0),
(1644, 15, 1493, 0),
(1645, 15, 1494, 0),
(1646, 15, 1495, 0),
(1647, 15, 1496, 0),
(1648, 15, 1497, 0),
(1649, 15, 1799, 0),
(1650, 15, 1800, 0),
(1651, 15, 1801, 0),
(1652, 15, 1802, 0),
(1653, 15, 1803, 0),
(1654, 15, 1804, 0),
(1655, 15, 1805, 0),
(1656, 15, 1806, 0),
(1657, 15, 1807, 0),
(1658, 15, 1808, 0),
(1659, 15, 1809, 0),
(1660, 15, 1810, 0),
(1661, 15, 1811, 0),
(1662, 15, 1812, 0),
(1663, 15, 1813, 0),
(1664, 15, 1814, 0),
(1665, 15, 1815, 0),
(1666, 15, 1816, 0),
(1667, 15, 1817, 0),
(1668, 15, 1818, 0),
(1669, 15, 1819, 0),
(1670, 15, 1820, 0),
(1671, 15, 1995, 0),
(1672, 15, 1996, 0),
(1673, 15, 1997, 0),
(1674, 15, 1998, 0),
(1675, 15, 1999, 0),
(1676, 15, 2000, 0),
(1677, 15, 2001, 0),
(1678, 15, 2151, 0),
(1679, 15, 2152, 0),
(1680, 15, 2153, 0),
(1681, 15, 2154, 0),
(1682, 15, 2155, 0),
(1683, 15, 2156, 0),
(1684, 15, 2157, 0),
(1685, 15, 2158, 0),
(1686, 15, 2159, 0),
(1687, 15, 2570, 0),
(1688, 15, 2571, 0),
(1689, 15, 2572, 0),
(1690, 15, 2573, 0),
(1691, 15, 2574, 0),
(1692, 15, 2575, 0),
(1693, 15, 2576, 0),
(1694, 15, 2577, 0),
(1695, 15, 2673, 0),
(1696, 15, 2674, 0),
(1697, 16, 949, 0),
(1698, 16, 950, 0),
(1699, 16, 954, 0),
(1700, 16, 955, 0),
(1701, 16, 956, 0),
(1702, 16, 957, 0),
(1703, 16, 958, 0),
(1704, 16, 959, 0),
(1705, 16, 960, 0),
(1706, 16, 961, 0),
(1707, 16, 962, 0),
(1708, 16, 963, 0),
(1709, 16, 964, 0),
(1710, 16, 965, 0),
(1711, 16, 998, 0),
(1712, 16, 999, 0),
(1713, 16, 1000, 0),
(1714, 16, 1001, 0),
(1715, 16, 1002, 0),
(1716, 16, 1003, 0),
(1717, 16, 1004, 0),
(1718, 16, 1005, 0),
(1719, 16, 1006, 0),
(1720, 16, 1007, 0),
(1721, 16, 1008, 0),
(1722, 16, 1009, 0),
(1723, 16, 1010, 0),
(1724, 16, 1011, 0),
(1725, 16, 1012, 0),
(1726, 16, 1013, 0),
(1727, 16, 1014, 0),
(1728, 16, 1015, 0),
(1729, 16, 1016, 0),
(1730, 16, 1017, 0),
(1731, 16, 1018, 0),
(1732, 16, 1019, 0),
(1733, 16, 1020, 0),
(1734, 16, 1021, 0),
(1735, 16, 1052, 0),
(1736, 16, 1053, 0),
(1737, 16, 1054, 0),
(1738, 16, 1055, 0),
(1739, 16, 1056, 0),
(1740, 16, 1057, 0),
(1741, 16, 1058, 0),
(1742, 16, 1059, 0),
(1743, 16, 1060, 0),
(1744, 16, 1061, 0),
(1745, 16, 1141, 0),
(1746, 16, 1142, 0),
(1747, 16, 1143, 0),
(1748, 16, 1144, 0),
(1749, 16, 1145, 0),
(1750, 16, 1146, 0),
(1751, 16, 1147, 0),
(1752, 16, 1148, 0),
(1753, 16, 1149, 0),
(1754, 16, 1150, 0),
(1755, 16, 1151, 0),
(1756, 16, 1160, 0),
(1757, 16, 1161, 0),
(1758, 16, 1215, 0),
(1759, 16, 1221, 0),
(1760, 16, 1222, 0),
(1761, 16, 1239, 0),
(1762, 16, 1240, 0),
(1763, 16, 1247, 0),
(1764, 16, 1248, 0),
(1765, 16, 1249, 0),
(1766, 16, 1250, 0),
(1767, 16, 1251, 0),
(1768, 16, 1266, 0),
(1769, 16, 1267, 0),
(1770, 16, 1271, 0),
(1771, 16, 1272, 0),
(1772, 16, 1277, 0),
(1773, 16, 1281, 0),
(1774, 16, 1282, 0),
(1775, 16, 1286, 0),
(1776, 16, 1287, 0),
(1777, 17, 966, 0),
(1778, 17, 967, 0),
(1779, 17, 968, 0),
(1780, 17, 993, 0),
(1781, 17, 994, 0),
(1782, 17, 995, 0),
(1783, 17, 996, 0),
(1784, 17, 997, 0),
(1785, 17, 1022, 0),
(1786, 17, 1023, 0),
(1787, 17, 1024, 0),
(1788, 17, 1025, 0),
(1789, 17, 1026, 0),
(1790, 17, 1027, 0),
(1791, 17, 1028, 0),
(1792, 17, 1029, 0),
(1793, 17, 1030, 0),
(1794, 17, 1042, 0),
(1795, 17, 1043, 0),
(1796, 17, 1044, 0),
(1797, 17, 1045, 0),
(1798, 17, 1046, 0),
(1799, 17, 1047, 0),
(1800, 17, 1048, 0),
(1801, 17, 1049, 0),
(1802, 17, 1050, 0),
(1803, 17, 1051, 0),
(1804, 17, 1062, 0),
(1805, 17, 1063, 0),
(1806, 17, 1064, 0),
(1807, 17, 1065, 0),
(1808, 17, 1066, 0),
(1809, 17, 1067, 0),
(1810, 17, 1068, 0),
(1811, 17, 1069, 0),
(1812, 17, 1070, 0),
(1813, 17, 1071, 0),
(1814, 17, 1072, 0),
(1815, 17, 1073, 0),
(1816, 17, 1074, 0),
(1817, 17, 1075, 0),
(1818, 17, 1079, 0),
(1819, 17, 1118, 0),
(1820, 17, 1119, 0),
(1821, 17, 1120, 0),
(1822, 17, 1121, 0),
(1823, 17, 1122, 0),
(1824, 17, 1123, 0),
(1825, 17, 1124, 0),
(1826, 17, 1125, 0),
(1827, 17, 1126, 0),
(1828, 17, 1127, 0),
(1829, 17, 1128, 0),
(1830, 17, 1129, 0),
(1831, 17, 1130, 0),
(1832, 17, 1131, 0),
(1833, 17, 1132, 0),
(1834, 17, 1133, 0),
(1835, 17, 1134, 0),
(1836, 17, 1135, 0),
(1837, 17, 1136, 0),
(1838, 17, 1137, 0),
(1839, 17, 1138, 0),
(1840, 17, 1139, 0),
(1841, 17, 1140, 0),
(1842, 17, 1152, 0),
(1843, 17, 1153, 0),
(1844, 17, 1154, 0),
(1845, 17, 1155, 0),
(1846, 17, 1156, 0),
(1847, 17, 1157, 0),
(1848, 17, 1158, 0),
(1849, 17, 1159, 0),
(1850, 17, 1162, 0),
(1851, 17, 1163, 0),
(1852, 17, 1164, 0),
(1853, 17, 1165, 0),
(1854, 17, 1166, 0),
(1855, 17, 1167, 0),
(1856, 17, 1168, 0),
(1857, 17, 1169, 0),
(1858, 17, 1170, 0),
(1859, 17, 1171, 0),
(1860, 17, 1172, 0),
(1861, 17, 1173, 0),
(1862, 17, 1174, 0),
(1863, 17, 1175, 0),
(1864, 17, 1176, 0),
(1865, 17, 1177, 0),
(1866, 17, 1178, 0),
(1867, 17, 1179, 0),
(1868, 17, 1180, 0),
(1869, 17, 1181, 0),
(1870, 17, 1182, 0),
(1871, 17, 1183, 0),
(1872, 17, 1184, 0),
(1873, 17, 1185, 0),
(1874, 17, 1223, 0),
(1875, 17, 1224, 0),
(1876, 17, 1225, 0),
(1877, 17, 1226, 0),
(1878, 17, 1227, 0),
(1879, 17, 1228, 0),
(1880, 17, 1229, 0),
(1881, 17, 1230, 0),
(1882, 17, 1231, 0),
(1883, 17, 1232, 0),
(1884, 17, 1233, 0),
(1885, 17, 1234, 0),
(1886, 17, 1235, 0),
(1887, 17, 1236, 0),
(1888, 17, 1241, 0),
(1889, 17, 1242, 0),
(1890, 17, 1243, 0),
(1891, 17, 1244, 0),
(1892, 17, 1245, 0),
(1893, 17, 1246, 0),
(1894, 17, 1268, 0),
(1895, 17, 1269, 0),
(1896, 17, 1270, 0),
(1897, 17, 1273, 0),
(1898, 17, 1274, 0),
(1899, 17, 1275, 0),
(1900, 17, 1276, 0),
(1901, 17, 1278, 0),
(1902, 17, 1279, 0),
(1903, 17, 1280, 0),
(1904, 18, 213, 0),
(1905, 18, 214, 0),
(1906, 18, 215, 0),
(1907, 18, 216, 0),
(1908, 18, 217, 0),
(1909, 18, 218, 0),
(1910, 18, 219, 0),
(1911, 18, 220, 0),
(1912, 18, 221, 0),
(1913, 18, 222, 0),
(1914, 18, 223, 0),
(1915, 18, 224, 0),
(1916, 18, 601, 0),
(1917, 18, 602, 0),
(1918, 18, 603, 0),
(1919, 18, 604, 0),
(1920, 18, 605, 0),
(1921, 18, 606, 0),
(1922, 18, 607, 0),
(1923, 18, 608, 0),
(1924, 18, 609, 0),
(1925, 18, 610, 0),
(1926, 18, 611, 0),
(1927, 18, 612, 0),
(1928, 18, 613, 0),
(1929, 18, 614, 0),
(1930, 18, 615, 0),
(1931, 18, 616, 0),
(1932, 18, 617, 0),
(1933, 18, 618, 0),
(1934, 18, 619, 0),
(1935, 18, 620, 0),
(1936, 18, 621, 0),
(1937, 18, 622, 0),
(1938, 18, 623, 0),
(1939, 18, 624, 0),
(1940, 18, 625, 0),
(1941, 18, 626, 0),
(1942, 18, 627, 0),
(1943, 18, 628, 0),
(1944, 18, 629, 0),
(1945, 18, 630, 0),
(1946, 18, 631, 0),
(1947, 18, 632, 0),
(1948, 18, 633, 0),
(1949, 18, 634, 0),
(1950, 18, 635, 0),
(1951, 18, 636, 0),
(1952, 18, 637, 0),
(1953, 18, 638, 0),
(1954, 18, 639, 0),
(1955, 18, 640, 0),
(1956, 18, 641, 0),
(1957, 18, 642, 0),
(1958, 18, 643, 0),
(1959, 18, 644, 0),
(1960, 18, 645, 0),
(1961, 18, 646, 0),
(1962, 18, 774, 0),
(1963, 18, 775, 0),
(1964, 18, 776, 0),
(1965, 18, 777, 0),
(1966, 18, 778, 0),
(1967, 18, 779, 0),
(1968, 18, 780, 0),
(1969, 18, 781, 0),
(1970, 18, 782, 0),
(1971, 18, 783, 0),
(1972, 18, 784, 0),
(1973, 18, 785, 0),
(1974, 18, 786, 0),
(1975, 18, 787, 0),
(1976, 18, 788, 0),
(1977, 18, 789, 0),
(1978, 18, 790, 0),
(1979, 18, 791, 0),
(1980, 18, 792, 0),
(1981, 18, 793, 0),
(1982, 18, 794, 0),
(1983, 18, 795, 0),
(1984, 18, 796, 0),
(1985, 18, 797, 0),
(1986, 18, 798, 0),
(1987, 18, 799, 0),
(1988, 18, 800, 0),
(1989, 18, 801, 0),
(1990, 18, 1768, 0),
(1991, 18, 1769, 0),
(1992, 18, 1770, 0),
(1993, 18, 1771, 0),
(1994, 18, 1772, 0),
(1995, 18, 1773, 0),
(1996, 18, 1774, 0),
(1997, 18, 1775, 0),
(1998, 18, 1776, 0),
(1999, 18, 1777, 0),
(2000, 18, 1778, 0),
(2001, 18, 1779, 0),
(2002, 18, 1780, 0),
(2003, 18, 1781, 0),
(2004, 18, 1782, 0),
(2005, 18, 1783, 0),
(2006, 18, 1784, 0),
(2007, 18, 1785, 0),
(2008, 18, 1786, 0),
(2009, 18, 1787, 0),
(2010, 18, 1832, 0),
(2011, 18, 1833, 0),
(2012, 18, 1834, 0),
(2013, 18, 1835, 0),
(2014, 18, 1836, 0),
(2015, 18, 1837, 0),
(2016, 18, 1838, 0),
(2017, 18, 1839, 0),
(2018, 18, 1840, 0),
(2019, 18, 1841, 0),
(2020, 18, 1843, 0),
(2021, 18, 2013, 0),
(2022, 18, 2014, 0),
(2023, 18, 2015, 0),
(2024, 18, 2016, 0),
(2025, 18, 2017, 0),
(2026, 18, 2018, 0),
(2027, 18, 2019, 0),
(2028, 18, 2020, 0),
(2029, 18, 2021, 0),
(2030, 18, 2022, 0),
(2031, 18, 2023, 0),
(2032, 18, 2024, 0),
(2033, 18, 2113, 0),
(2034, 18, 2114, 0),
(2035, 18, 2115, 0),
(2036, 18, 2116, 0),
(2037, 18, 2117, 0),
(2038, 18, 2118, 0),
(2039, 18, 2119, 0),
(2040, 18, 2120, 0),
(2041, 18, 2121, 0),
(2042, 18, 2122, 0),
(2043, 18, 2123, 0),
(2044, 18, 2124, 0),
(2045, 18, 2125, 0),
(2046, 18, 2126, 0),
(2047, 18, 2127, 0),
(2048, 18, 2128, 0),
(2049, 18, 2129, 0),
(2050, 18, 2130, 0),
(2051, 18, 2131, 0),
(2052, 18, 2132, 0),
(2053, 18, 2133, 0),
(2054, 18, 2134, 0),
(2055, 18, 2135, 0),
(2056, 18, 2136, 0),
(2057, 18, 2137, 0),
(2058, 18, 2138, 0),
(2059, 18, 2139, 0),
(2060, 18, 2140, 0),
(2061, 18, 2141, 0),
(2062, 18, 2142, 0),
(2063, 18, 2143, 0),
(2064, 18, 2144, 0),
(2065, 18, 2145, 0),
(2066, 18, 2146, 0),
(2067, 18, 2147, 0),
(2068, 18, 2148, 0),
(2069, 18, 2149, 0),
(2070, 18, 2150, 0),
(2071, 18, 2160, 0),
(2072, 18, 2161, 0),
(2073, 18, 2162, 0),
(2074, 18, 2163, 0),
(2075, 18, 2164, 0),
(2076, 18, 2165, 0),
(2077, 18, 2166, 0),
(2078, 18, 2167, 0),
(2079, 18, 2168, 0),
(2080, 18, 2169, 0),
(2081, 18, 2170, 0),
(2082, 18, 2171, 0),
(2083, 18, 2172, 0),
(2084, 18, 2173, 0),
(2085, 18, 2174, 0),
(2086, 19, 1, 0),
(2087, 19, 2, 0),
(2088, 19, 3, 0),
(2089, 19, 4, 0),
(2090, 19, 5, 0),
(2091, 19, 6, 0),
(2092, 19, 7, 0),
(2093, 19, 8, 0),
(2094, 19, 9, 0),
(2095, 19, 10, 0),
(2096, 19, 149, 0),
(2097, 19, 150, 0),
(2098, 19, 151, 0),
(2099, 19, 152, 0),
(2100, 19, 153, 0),
(2101, 19, 154, 0),
(2102, 19, 155, 0),
(2103, 19, 156, 0),
(2104, 19, 157, 0),
(2105, 19, 158, 0),
(2106, 19, 159, 0),
(2107, 19, 160, 0),
(2108, 19, 161, 0),
(2109, 19, 162, 0),
(2110, 19, 163, 0),
(2111, 19, 164, 0),
(2112, 19, 165, 0),
(2113, 19, 166, 0),
(2114, 19, 167, 0),
(2115, 19, 168, 0),
(2116, 19, 169, 0),
(2117, 19, 871, 0),
(2118, 19, 872, 0),
(2119, 19, 873, 0),
(2120, 19, 874, 0),
(2121, 19, 875, 0),
(2122, 19, 876, 0),
(2123, 19, 877, 0),
(2124, 19, 878, 0),
(2125, 19, 879, 0),
(2126, 19, 880, 0),
(2127, 19, 881, 0),
(2128, 19, 882, 0),
(2129, 19, 883, 0),
(2130, 19, 884, 0),
(2131, 19, 1336, 0),
(2132, 19, 1337, 0),
(2133, 19, 1338, 0),
(2134, 19, 1339, 0),
(2135, 19, 1340, 0),
(2136, 19, 1341, 0),
(2137, 19, 1342, 0),
(2138, 19, 1343, 0),
(2139, 19, 1344, 0),
(2140, 19, 1345, 0),
(2141, 19, 1346, 0),
(2142, 19, 1347, 0),
(2143, 19, 1348, 0),
(2144, 19, 1844, 0),
(2145, 19, 1845, 0),
(2146, 19, 1846, 0),
(2147, 19, 1847, 0),
(2148, 19, 1848, 0),
(2149, 19, 1849, 0),
(2150, 19, 1850, 0),
(2151, 19, 1851, 0),
(2152, 19, 1852, 0),
(2153, 19, 1853, 0),
(2154, 19, 1854, 0),
(2155, 19, 1855, 0),
(2156, 19, 1856, 0),
(2157, 19, 1857, 0),
(2158, 19, 1858, 0),
(2159, 19, 1859, 0),
(2160, 19, 1860, 0),
(2161, 19, 1861, 0),
(2162, 19, 1862, 0),
(2163, 19, 1863, 0),
(2164, 19, 1864, 0),
(2165, 19, 1865, 0),
(2166, 19, 1866, 0),
(2167, 19, 1867, 0),
(2168, 19, 1868, 0),
(2169, 19, 1869, 0),
(2170, 19, 1870, 0),
(2171, 19, 1871, 0),
(2172, 19, 1872, 0),
(2173, 19, 1873, 0),
(2174, 19, 1874, 0),
(2175, 19, 1875, 0),
(2176, 19, 1876, 0),
(2177, 19, 1877, 0),
(2178, 19, 1878, 0),
(2179, 19, 1879, 0),
(2180, 19, 1880, 0),
(2181, 19, 1881, 0),
(2182, 19, 1950, 0),
(2183, 19, 1951, 0),
(2184, 19, 1952, 0),
(2185, 19, 1953, 0),
(2186, 19, 1954, 0),
(2187, 19, 1955, 0),
(2188, 19, 1956, 0),
(2189, 19, 1957, 0),
(2190, 19, 1958, 0),
(2191, 19, 2075, 0),
(2192, 19, 2076, 0),
(2193, 19, 2077, 0),
(2194, 19, 2078, 0),
(2195, 19, 2079, 0),
(2196, 19, 2080, 0),
(2197, 19, 2081, 0),
(2198, 19, 2082, 0),
(2199, 19, 2083, 0),
(2200, 19, 2084, 0),
(2201, 19, 2085, 0),
(2202, 19, 2086, 0),
(2203, 19, 2087, 0),
(2204, 19, 2088, 0),
(2205, 19, 2089, 0),
(2206, 19, 2090, 0),
(2207, 19, 2091, 0),
(2208, 19, 2092, 0),
(2209, 19, 2093, 0),
(2210, 19, 2094, 0),
(2211, 19, 2095, 0),
(2212, 19, 2096, 0),
(2213, 19, 2097, 0),
(2214, 19, 2098, 0),
(2215, 19, 2099, 0),
(2216, 19, 2100, 0),
(2217, 19, 2101, 0),
(2218, 19, 2102, 0),
(2219, 19, 2103, 0),
(2220, 19, 2104, 0),
(2221, 19, 2105, 0),
(2222, 19, 2107, 0),
(2223, 19, 2108, 0),
(2224, 19, 2109, 0),
(2225, 19, 2110, 0),
(2226, 19, 2111, 0),
(2227, 19, 2112, 0),
(2228, 20, 2207, 0),
(2229, 20, 2208, 0),
(2230, 20, 2226, 0),
(2231, 20, 2227, 0),
(2232, 20, 2228, 0),
(2233, 20, 2229, 0),
(2234, 20, 2230, 0),
(2235, 20, 2231, 0),
(2236, 20, 2232, 0),
(2237, 20, 2233, 0),
(2238, 20, 2234, 0),
(2239, 20, 2235, 0),
(2240, 20, 2243, 0),
(2241, 20, 2244, 0),
(2242, 20, 2245, 0),
(2243, 20, 2246, 0),
(2244, 20, 2247, 0),
(2245, 20, 2248, 0),
(2246, 20, 2249, 0),
(2247, 20, 2250, 0),
(2248, 20, 2251, 0),
(2249, 20, 2252, 0),
(2250, 20, 2253, 0),
(2251, 20, 2254, 0),
(2252, 20, 2266, 0),
(2253, 20, 2267, 0),
(2254, 20, 2268, 0),
(2255, 20, 2269, 0),
(2256, 20, 2270, 0),
(2257, 20, 2271, 0),
(2258, 20, 2272, 0),
(2259, 20, 2280, 0),
(2260, 20, 2281, 0),
(2261, 20, 2282, 0),
(2262, 20, 2283, 0),
(2263, 20, 2284, 0),
(2264, 20, 2285, 0),
(2265, 20, 2286, 0),
(2266, 20, 2287, 0),
(2267, 20, 2288, 0),
(2268, 20, 2289, 0),
(2269, 20, 2290, 0),
(2270, 20, 2291, 0),
(2271, 20, 2292, 0),
(2272, 20, 2293, 0),
(2273, 20, 2294, 0),
(2274, 20, 2297, 0),
(2275, 20, 2298, 0),
(2276, 20, 2311, 0),
(2277, 20, 2312, 0),
(2278, 20, 2313, 0),
(2279, 20, 2314, 0),
(2280, 20, 2315, 0),
(2281, 20, 2316, 0),
(2282, 21, 11, 0),
(2283, 21, 12, 0),
(2284, 21, 13, 0),
(2285, 21, 14, 0),
(2286, 21, 15, 0),
(2287, 21, 16, 0),
(2288, 21, 17, 0),
(2289, 21, 18, 0),
(2290, 21, 19, 0),
(2291, 21, 20, 0),
(2292, 21, 21, 0),
(2293, 21, 22, 0),
(2294, 21, 23, 0),
(2295, 21, 25, 0),
(2296, 21, 136, 0),
(2297, 21, 137, 0),
(2298, 21, 138, 0),
(2299, 21, 139, 0),
(2300, 21, 140, 0),
(2301, 21, 141, 0),
(2302, 21, 142, 0),
(2303, 21, 143, 0),
(2304, 21, 144, 0),
(2305, 21, 145, 0),
(2306, 21, 146, 0),
(2307, 21, 147, 0),
(2308, 21, 148, 0),
(2309, 21, 190, 0),
(2310, 21, 191, 0),
(2311, 21, 192, 0),
(2312, 21, 193, 0),
(2313, 21, 194, 0),
(2314, 21, 195, 0),
(2315, 21, 196, 0),
(2316, 21, 197, 0),
(2317, 21, 198, 0),
(2318, 21, 199, 0),
(2319, 21, 200, 0),
(2320, 21, 201, 0),
(2321, 21, 202, 0),
(2322, 21, 203, 0),
(2323, 21, 204, 0),
(2324, 21, 205, 0),
(2325, 21, 206, 0),
(2326, 21, 207, 0),
(2327, 21, 208, 0),
(2328, 21, 209, 0),
(2329, 21, 210, 0),
(2330, 21, 211, 0),
(2331, 21, 212, 0),
(2332, 21, 225, 0),
(2333, 21, 226, 0),
(2334, 21, 227, 0),
(2335, 21, 228, 0),
(2336, 21, 229, 0),
(2337, 21, 230, 0),
(2338, 21, 231, 0),
(2339, 21, 232, 0),
(2340, 21, 233, 0),
(2341, 21, 234, 0),
(2342, 21, 235, 0),
(2343, 21, 236, 0),
(2344, 21, 237, 0),
(2345, 21, 238, 0),
(2346, 21, 239, 0),
(2347, 21, 240, 0),
(2348, 21, 241, 0),
(2349, 21, 242, 0),
(2350, 21, 244, 0),
(2351, 21, 245, 0),
(2352, 21, 246, 0),
(2353, 21, 247, 0),
(2354, 21, 248, 0),
(2355, 21, 249, 0),
(2356, 21, 250, 0),
(2357, 21, 251, 0),
(2358, 21, 252, 0),
(2359, 21, 253, 0),
(2360, 21, 254, 0),
(2361, 21, 255, 0),
(2362, 21, 256, 0),
(2363, 21, 397, 0),
(2364, 21, 398, 0),
(2365, 21, 399, 0),
(2366, 21, 400, 0),
(2367, 21, 401, 0),
(2368, 21, 402, 0),
(2369, 21, 403, 0),
(2370, 21, 404, 0),
(2371, 21, 1517, 0),
(2372, 21, 1518, 0),
(2373, 21, 1519, 0),
(2374, 21, 1520, 0),
(2375, 21, 1521, 0),
(2376, 21, 1522, 0),
(2377, 21, 1523, 0),
(2378, 21, 1524, 0),
(2379, 21, 1525, 0),
(2380, 21, 1526, 0),
(2381, 21, 1527, 0),
(2382, 21, 1528, 0),
(2383, 21, 1979, 0),
(2384, 21, 1980, 0),
(2385, 21, 1981, 0),
(2386, 21, 1982, 0),
(2387, 21, 1983, 0),
(2388, 21, 1984, 0),
(2389, 21, 1985, 0),
(2390, 21, 1986, 0),
(2391, 21, 1987, 0),
(2392, 21, 1988, 0),
(2393, 21, 1989, 0),
(2394, 21, 1990, 0),
(2395, 21, 1991, 0),
(2396, 21, 1992, 0),
(2397, 21, 1993, 0),
(2398, 21, 1994, 0),
(2399, 22, 170, 0),
(2400, 22, 171, 0),
(2401, 22, 172, 0),
(2402, 22, 173, 0),
(2403, 22, 174, 0),
(2404, 22, 175, 0),
(2405, 22, 176, 0),
(2406, 22, 177, 0),
(2407, 22, 178, 0),
(2408, 22, 179, 0),
(2409, 22, 180, 0),
(2410, 22, 181, 0),
(2411, 22, 182, 0),
(2412, 22, 183, 0),
(2413, 22, 420, 0),
(2414, 22, 421, 0),
(2415, 22, 422, 0),
(2416, 22, 423, 0),
(2417, 22, 424, 0),
(2418, 22, 425, 0),
(2419, 22, 426, 0),
(2420, 22, 427, 0),
(2421, 22, 428, 0),
(2422, 22, 429, 0),
(2423, 22, 430, 0),
(2424, 22, 431, 0),
(2425, 22, 432, 0),
(2426, 22, 467, 0),
(2427, 22, 468, 0),
(2428, 22, 469, 0),
(2429, 22, 470, 0),
(2430, 22, 471, 0),
(2431, 22, 472, 0),
(2432, 22, 473, 0),
(2433, 22, 474, 0),
(2434, 22, 475, 0),
(2435, 22, 476, 0),
(2436, 22, 477, 0),
(2437, 22, 478, 0),
(2438, 22, 479, 0),
(2439, 22, 557, 0),
(2440, 22, 558, 0),
(2441, 22, 559, 0),
(2442, 22, 560, 0),
(2443, 22, 561, 0),
(2444, 22, 562, 0),
(2445, 22, 563, 0),
(2446, 22, 564, 0),
(2447, 22, 565, 0),
(2448, 22, 566, 0),
(2449, 22, 567, 0),
(2450, 22, 568, 0),
(2451, 22, 569, 0),
(2452, 22, 570, 0),
(2453, 22, 571, 0),
(2454, 22, 572, 0),
(2455, 22, 573, 0),
(2456, 22, 574, 0),
(2457, 22, 575, 0),
(2458, 22, 576, 0),
(2459, 22, 577, 0),
(2460, 22, 578, 0),
(2461, 22, 579, 0),
(2462, 22, 1297, 0),
(2463, 22, 1298, 0),
(2464, 22, 1299, 0),
(2465, 22, 1300, 0),
(2466, 22, 1301, 0),
(2467, 22, 1302, 0),
(2468, 22, 1303, 0),
(2469, 22, 1304, 0),
(2470, 22, 1305, 0),
(2471, 22, 1306, 0),
(2472, 22, 1307, 0),
(2473, 22, 1308, 0),
(2474, 22, 1309, 0),
(2475, 22, 1310, 0),
(2476, 22, 1311, 0),
(2477, 22, 1312, 0),
(2478, 22, 1313, 0),
(2479, 22, 1314, 0),
(2480, 22, 1315, 0),
(2481, 22, 1316, 0),
(2482, 22, 1317, 0),
(2483, 22, 1318, 0),
(2484, 22, 1319, 0),
(2485, 22, 1320, 0),
(2486, 22, 1360, 0),
(2487, 22, 1361, 0),
(2488, 22, 1362, 0),
(2489, 22, 1363, 0),
(2490, 22, 1364, 0),
(2491, 22, 1365, 0),
(2492, 22, 1366, 0),
(2493, 22, 1367, 0),
(2494, 22, 1368, 0),
(2495, 22, 1426, 0),
(2496, 22, 1427, 0),
(2497, 22, 1428, 0),
(2498, 22, 1429, 0),
(2499, 22, 1430, 0),
(2500, 22, 1431, 0),
(2501, 22, 1432, 0),
(2502, 22, 1433, 0),
(2503, 22, 1434, 0),
(2504, 22, 1435, 0),
(2505, 22, 1436, 0),
(2506, 22, 1437, 0),
(2507, 22, 1438, 0),
(2508, 22, 1439, 0),
(2509, 22, 2065, 0),
(2510, 22, 2066, 0),
(2511, 22, 2067, 0),
(2512, 22, 2068, 0),
(2513, 22, 2069, 0),
(2514, 22, 2071, 0),
(2515, 22, 2072, 0),
(2516, 22, 2074, 0),
(2517, 22, 2666, 0),
(2518, 22, 2667, 0),
(2519, 22, 2668, 0),
(2520, 22, 2669, 0),
(2521, 22, 2670, 0),
(2522, 22, 2671, 0),
(2523, 22, 2672, 0),
(2524, 23, 58, 0),
(2525, 23, 59, 0),
(2526, 23, 60, 0),
(2527, 23, 61, 0),
(2528, 23, 62, 0),
(2529, 23, 63, 0),
(2530, 23, 64, 0),
(2531, 23, 65, 0),
(2532, 23, 66, 0),
(2533, 23, 67, 0),
(2534, 23, 68, 0),
(2535, 23, 69, 0),
(2536, 23, 70, 0),
(2537, 23, 71, 0),
(2538, 23, 72, 0),
(2539, 23, 73, 0),
(2540, 23, 74, 0),
(2541, 23, 75, 0),
(2542, 23, 76, 0),
(2543, 23, 77, 0),
(2544, 23, 78, 0),
(2545, 23, 79, 0),
(2546, 23, 80, 0),
(2547, 23, 81, 0),
(2548, 23, 82, 0),
(2549, 23, 83, 0),
(2550, 23, 84, 0),
(2551, 23, 85, 0),
(2552, 23, 86, 0),
(2553, 23, 87, 0),
(2554, 23, 88, 0),
(2555, 23, 89, 0),
(2556, 23, 90, 0),
(2557, 23, 91, 0),
(2558, 23, 92, 0),
(2559, 23, 93, 0),
(2560, 23, 94, 0),
(2561, 23, 95, 0),
(2562, 23, 96, 0),
(2563, 23, 97, 0),
(2564, 23, 98, 0),
(2565, 23, 99, 0),
(2566, 23, 100, 0),
(2567, 23, 101, 0),
(2568, 23, 102, 0),
(2569, 23, 103, 0),
(2570, 23, 104, 0),
(2571, 23, 105, 0),
(2572, 23, 106, 0),
(2573, 23, 107, 0),
(2574, 23, 108, 0),
(2575, 23, 109, 0),
(2576, 23, 110, 0),
(2577, 23, 111, 0),
(2578, 23, 112, 0),
(2579, 23, 113, 0),
(2580, 23, 114, 0),
(2581, 23, 115, 0),
(2582, 23, 116, 0),
(2583, 23, 117, 0),
(2584, 23, 118, 0),
(2585, 23, 119, 0),
(2586, 23, 120, 0),
(2587, 23, 121, 0),
(2588, 23, 122, 0),
(2589, 23, 123, 0),
(2590, 23, 124, 0),
(2591, 23, 125, 0),
(2592, 23, 126, 0),
(2593, 23, 127, 0),
(2594, 23, 128, 0),
(2595, 23, 129, 0),
(2596, 23, 130, 0),
(2597, 23, 131, 0),
(2598, 23, 1349, 0),
(2599, 23, 1350, 0),
(2600, 23, 1351, 0),
(2601, 23, 1352, 0),
(2602, 23, 1353, 0),
(2603, 23, 1354, 0),
(2604, 23, 1355, 0),
(2605, 23, 1356, 0),
(2606, 23, 1357, 0),
(2607, 23, 1358, 0),
(2608, 23, 1359, 0),
(2609, 23, 1882, 0),
(2610, 23, 1883, 0),
(2611, 23, 1884, 0),
(2612, 23, 1885, 0),
(2613, 23, 1886, 0),
(2614, 23, 1887, 0),
(2615, 23, 1888, 0),
(2616, 23, 1889, 0),
(2617, 23, 1890, 0),
(2618, 23, 1891, 0),
(2619, 23, 1892, 0),
(2620, 23, 1893, 0),
(2621, 23, 1894, 0),
(2622, 23, 1895, 0),
(2623, 23, 1896, 0),
(2624, 23, 2660, 0),
(2625, 23, 2661, 0),
(2626, 23, 2662, 0),
(2627, 23, 2663, 0),
(2628, 23, 2664, 0),
(2629, 23, 2665, 0),
(2630, 24, 806, 0),
(2631, 24, 807, 0),
(2632, 24, 808, 0),
(2633, 24, 809, 0),
(2634, 24, 810, 0),
(2635, 24, 811, 0),
(2636, 24, 812, 0),
(2637, 24, 813, 0),
(2638, 24, 814, 0),
(2639, 24, 815, 0),
(2640, 24, 816, 0),
(2641, 24, 817, 0),
(2642, 24, 818, 0),
(2643, 24, 819, 0),
(2644, 24, 820, 0),
(2645, 24, 821, 0),
(2646, 24, 822, 0),
(2647, 24, 823, 0),
(2648, 24, 824, 0),
(2649, 24, 825, 0),
(2650, 24, 826, 0),
(2651, 24, 827, 0),
(2652, 24, 828, 0),
(2653, 24, 829, 0),
(2654, 24, 830, 0),
(2655, 24, 831, 0),
(2656, 24, 832, 0),
(2657, 24, 833, 0),
(2658, 24, 834, 0),
(2659, 24, 835, 0),
(2660, 24, 836, 0),
(2661, 24, 837, 0),
(2662, 24, 838, 0),
(2663, 24, 839, 0),
(2664, 24, 840, 0),
(2665, 24, 841, 0),
(2666, 24, 842, 0),
(2667, 24, 843, 0),
(2668, 24, 844, 0),
(2669, 24, 845, 0),
(2670, 24, 846, 0),
(2671, 24, 847, 0),
(2672, 24, 848, 0),
(2673, 24, 849, 0),
(2674, 24, 850, 0),
(2675, 24, 851, 0),
(2676, 24, 852, 0),
(2677, 24, 853, 0),
(2678, 24, 854, 0),
(2679, 24, 855, 0),
(2680, 24, 856, 0),
(2681, 24, 857, 0),
(2682, 24, 858, 0),
(2683, 24, 859, 0),
(2684, 24, 860, 0),
(2685, 24, 861, 0),
(2686, 24, 862, 0),
(2687, 24, 863, 0),
(2688, 24, 864, 0),
(2689, 24, 865, 0),
(2690, 24, 866, 0),
(2691, 24, 867, 0),
(2692, 24, 868, 0),
(2693, 24, 869, 0),
(2694, 24, 870, 0);

-- --------------------------------------------------------

--
-- Estructura de tabla para la tabla `secc_casilla`
--

CREATE TABLE `secc_casilla` (
  `id` int(11) NOT NULL,
  `id_casilla` int(11) NOT NULL,
  `id_seccion` int(11) NOT NULL
) ENGINE=InnoDB DEFAULT CHARSET=utf8mb4;

-- --------------------------------------------------------

--
-- Estructura de tabla para la tabla `sessions`
--

CREATE TABLE `sessions` (
  `session_id` varchar(128) CHARACTER SET utf8mb4 COLLATE utf8mb4_bin NOT NULL,
  `expires` int(11) UNSIGNED NOT NULL,
  `data` mediumtext CHARACTER SET utf8mb4 COLLATE utf8mb4_bin DEFAULT NULL
) ENGINE=InnoDB DEFAULT CHARSET=utf8mb4;

--
-- Volcado de datos para la tabla `sessions`
--

INSERT INTO `sessions` (`session_id`, `expires`, `data`) VALUES
('9APpwjGVr9Wu3yTbFqUUFAs7TX0c4NVd', 1615517989, '{\"cookie\":{\"originalMaxAge\":null,\"expires\":null,\"httpOnly\":true,\"path\":\"/\"},\"flash\":{},\"example\":92,\"passport\":{},\"example2\":\"47\"}');

-- --------------------------------------------------------

--
-- Estructura de tabla para la tabla `usuarios`
--

CREATE TABLE `usuarios` (
  `id` int(11) NOT NULL,
  `nombres` varchar(255) NOT NULL,
  `apellidos` varchar(255) NOT NULL,
  `usuario` varchar(255) NOT NULL,
  `password` varchar(255) NOT NULL,
  `pw` varchar(255) NOT NULL,
  `tipo_usuario` varchar(255) NOT NULL,
  `nivel` int(11) NOT NULL,
  `Telefono` varchar(255) NOT NULL,
  `direccion` varchar(255) NOT NULL,
  `id_mpio` int(11) NOT NULL,
  `Estatus` varchar(255) NOT NULL
) ENGINE=InnoDB DEFAULT CHARSET=utf8mb4;

--
-- Volcado de datos para la tabla `usuarios`
--

INSERT INTO `usuarios` (`id`, `nombres`, `apellidos`, `usuario`, `password`, `pw`, `tipo_usuario`, `nivel`, `Telefono`, `direccion`, `id_mpio`, `Estatus`) VALUES
(1, 'Luis Antonio', 'Rescala Alvarez', 'luis.rescala@gmail.com', 'shinratensei1992', '', 'Administrador', 0, '4431835407', 'Miguel Hidalgo 271', 0, ''),
(3, 'Mario', 'Delgado', 'mario@gmail.com', 'prueba123', '', 'Administrador', 2, '4435463425', 'N/A', 92, ''),
(5, 'Administrador', 'Tarimbaro', 'tarimbaro@gmail.com', '$2a$10$8bSm/6.7uVMWhziF1Qk0vefIivdw7HRYc8f8fasPGXQsuy5bXzbPG', 'tarimbaro2021', '', 0, '', '', 92, ''),
(6, 'Administrador', 'Alvaro Obregon', 'alvaro.obregon@gmail.com', '$2a$10$/JEh6E21uTyfM8DJoTm9qeQ8d4qKa5L76QCbs1aoSF4ZIjuZPd6Mi', 'alvaro2021', '', 0, '', '', 3, ''),
(7, 'Administrador', 'Charo', 'charo@gmail.com', '$2a$10$YDZKOWnZP6d/VfH9JGeASOChnrUx9bbZt3SecvcZUTSTbyPBOgRdy', 'charo2021', '', 0, '', '', 15, ''),
(8, 'Administrador', 'Copandaro', 'copandaro@gmail.com', '$2a$10$.kgr793Uc2Mh9/Zd99KXSO/i5yp9Uf1Aa4Qwn4Vgw0HZu8trSNoTO', 'copandaro2021', '', 0, '', '', 28, ''),
(9, 'Administrador', 'Cuitzeo', 'cuitzeo@gmail.com', '$2a$10$edmmGA9iuLP0e7WnyonPl.NV5XBFpXYKk/QjROwIlBcEj20wE7xRa', 'cuitzeo2021', '', 0, '', '', 30, ''),
(10, 'Administrador', 'Indaparapeo', 'indaparapeo@gmail.com', '$2a$10$yThcplvWoXTjwzj5fYQoZ.9xeQ.8Tm5i/5JJUl0Txge/lWXO30ewG', 'indaparapeo2021', '', 0, '', '', 40, ''),
(11, 'Administrador', 'Santa Ana Maya', 'santaanamaya@gmail.com', '$2a$10$YE30HfxGQzXbnvEbEHGVTO2l6dl6Fob9Ygb/nq4GNLnyFaEz8wUe6', 'santaanamaya2021', '', 0, '', '', 83, '');

--
-- Índices para tablas volcadas
--

--
-- Indices de la tabla `accesos`
--
ALTER TABLE `accesos`
  ADD PRIMARY KEY (`id`);

--
-- Indices de la tabla `actividad`
--
ALTER TABLE `actividad`
  ADD PRIMARY KEY (`id`);

--
-- Indices de la tabla `casillas`
--
ALTER TABLE `casillas`
  ADD PRIMARY KEY (`id`);

--
-- Indices de la tabla `comunidad`
--
ALTER TABLE `comunidad`
  ADD PRIMARY KEY (`id`);

--
-- Indices de la tabla `delegados`
--
ALTER TABLE `delegados`
  ADD PRIMARY KEY (`id`);

--
-- Indices de la tabla `distrito_fed`
--
ALTER TABLE `distrito_fed`
  ADD PRIMARY KEY (`id`);

--
-- Indices de la tabla `distrito_loc`
--
ALTER TABLE `distrito_loc`
  ADD PRIMARY KEY (`id`);

--
-- Indices de la tabla `lista_nominal`
--
ALTER TABLE `lista_nominal`
  ADD PRIMARY KEY (`id`);

--
-- Indices de la tabla `municipio`
--
ALTER TABLE `municipio`
  ADD PRIMARY KEY (`id`);

--
-- Indices de la tabla `promovidos`
--
ALTER TABLE `promovidos`
  ADD PRIMARY KEY (`id`);

--
-- Indices de la tabla `secciones`
--
ALTER TABLE `secciones`
  ADD PRIMARY KEY (`id`);

--
-- Indices de la tabla `secc_casilla`
--
ALTER TABLE `secc_casilla`
  ADD PRIMARY KEY (`id`);

--
-- Indices de la tabla `sessions`
--
ALTER TABLE `sessions`
  ADD PRIMARY KEY (`session_id`);

--
-- Indices de la tabla `usuarios`
--
ALTER TABLE `usuarios`
  ADD PRIMARY KEY (`id`);

--
-- AUTO_INCREMENT de las tablas volcadas
--

--
-- AUTO_INCREMENT de la tabla `accesos`
--
ALTER TABLE `accesos`
  MODIFY `id` int(11) NOT NULL AUTO_INCREMENT;

--
-- AUTO_INCREMENT de la tabla `actividad`
--
ALTER TABLE `actividad`
  MODIFY `id` int(11) NOT NULL AUTO_INCREMENT;

--
-- AUTO_INCREMENT de la tabla `casillas`
--
ALTER TABLE `casillas`
  MODIFY `id` int(11) NOT NULL AUTO_INCREMENT, AUTO_INCREMENT=29;

--
-- AUTO_INCREMENT de la tabla `comunidad`
--
ALTER TABLE `comunidad`
  MODIFY `id` int(11) NOT NULL AUTO_INCREMENT, AUTO_INCREMENT=2;

--
-- AUTO_INCREMENT de la tabla `delegados`
--
ALTER TABLE `delegados`
  MODIFY `id` int(11) NOT NULL AUTO_INCREMENT, AUTO_INCREMENT=48;

--
-- AUTO_INCREMENT de la tabla `distrito_fed`
--
ALTER TABLE `distrito_fed`
  MODIFY `id` int(11) NOT NULL AUTO_INCREMENT, AUTO_INCREMENT=13;

--
-- AUTO_INCREMENT de la tabla `distrito_loc`
--
ALTER TABLE `distrito_loc`
  MODIFY `id` int(11) NOT NULL AUTO_INCREMENT, AUTO_INCREMENT=25;

--
-- AUTO_INCREMENT de la tabla `lista_nominal`
--
ALTER TABLE `lista_nominal`
  MODIFY `id` int(11) NOT NULL AUTO_INCREMENT, AUTO_INCREMENT=167;

--
-- AUTO_INCREMENT de la tabla `municipio`
--
ALTER TABLE `municipio`
  MODIFY `id` int(11) NOT NULL AUTO_INCREMENT, AUTO_INCREMENT=118;

--
-- AUTO_INCREMENT de la tabla `promovidos`
--
ALTER TABLE `promovidos`
  MODIFY `id` int(11) NOT NULL AUTO_INCREMENT;

--
-- AUTO_INCREMENT de la tabla `secciones`
--
ALTER TABLE `secciones`
  MODIFY `id` int(11) NOT NULL AUTO_INCREMENT, AUTO_INCREMENT=2695;

--
-- AUTO_INCREMENT de la tabla `secc_casilla`
--
ALTER TABLE `secc_casilla`
  MODIFY `id` int(11) NOT NULL AUTO_INCREMENT;

--
-- AUTO_INCREMENT de la tabla `usuarios`
--
ALTER TABLE `usuarios`
  MODIFY `id` int(11) NOT NULL AUTO_INCREMENT, AUTO_INCREMENT=12;
COMMIT;

/*!40101 SET CHARACTER_SET_CLIENT=@OLD_CHARACTER_SET_CLIENT */;
/*!40101 SET CHARACTER_SET_RESULTS=@OLD_CHARACTER_SET_RESULTS */;
/*!40101 SET COLLATION_CONNECTION=@OLD_COLLATION_CONNECTION */;
